0.502055,0.542163,0.722383,1.428885,2.136516,2.281149,1.936274,1.46889,1.008845,0.380282,-0.29678,-0.513929,-0.255645,-0.107203,-0.287827,-0.418009,-0.319163,-0.260379,-0.350357,-0.505486,-0.710887,-0.82392,-0.899702,-1.15395,-1.229831,-1.044091,-1.202031,-1.392195,-1.130108,-1.179867,-1.649272,-1.726575,-1.60837,-1.662802,-1.650672,-1.697309,-1.838697,-1.802596,-1.780536,-1.825166,-1.644763,-1.42381,-1.392195,-1.360416,-1.200178,-0.918632,-0.685916,-0.667943,-0.512722,-0.101691,0.063954,0.082614,0.237607,0.174793,0.123205,0.503394,0.68387,0.474995,0.532797,0.72355,0.66442,0.647936,0.757054,0.732072,0.620215,0.606297,0.67795,0.689084,0.598807,0.542647,0.581807,0.630631,0.66442,0.686318,0.657383,0.650889,0.721738,0.739706,0.691481,0.695229,0.750115,0.853845,0.916019,0.82775,0.880906,1.088831,0.931043,0.610298,0.638894,0.684679,0.583238,0.640522,0.708585,0.705011,0.713815,0.433765,-1
0.147647,0.804668,0.367771,0.243894,0.026614,-0.274402,0.096731,-0.747731,-1.609777,-1.179593,-1.055926,-1.128777,-0.686039,-0.798789,-1.714279,-1.649858,-1.032699,-1.423918,-1.782433,-1.025126,-1.798909,-1.793614,-1.085478,-1.57439,-1.036059,-2.130021,-2.038621,-0.055013,-1.140195,-0.704275,0.048723,-0.475854,0.525865,0.244778,0.679932,0.928601,0.573041,1.231607,1.043324,1.580228,1.290571,0.750518,0.977567,1.141588,1.529904,0.847682,0.76676,0.565682,1.084626,1.057368,0.503084,0.953288,0.454198,1.19897,0.84972,-0.137715,0.63112,0.694075,0.515071,0.559229,0.555712,0.469694,0.388821,0.343129,0.535598,0.900708,0.656846,0.690033,0.952596,0.54777,-0.167693,0.011532,-0.176488,-0.277706,-0.224836,-0.910723,-0.037932,0.071668,-1.04892,-0.636218,-0.386637,-0.507512,-0.716656,-0.463758,-0.460442,-0.770792,-0.533503,-0.400228,0.176084,1.111768,2.438428,2.734889,1.736054,0.036857,-1.265074,-0.208024,1
0.316646,0.243199,0.370471,1.063738,1.678187,1.759558,1.697717,1.612159,1.168188,0.499957,-0.022363,-0.235318,-0.118273,-0.071027,-0.322986,-0.433562,-0.31866,-0.295655,-0.417733,-0.68248,-0.88184,-0.84332,-0.883652,-1.030018,-1.055265,-1.168637,-1.363991,-1.337611,-1.261294,-1.409782,-1.634504,-1.703238,-1.677025,-1.782628,-1.996872,-2.056372,-1.937881,-1.879412,-1.915427,-1.845507,-1.658135,-1.509483,-1.393426,-1.232868,-1.024348,-0.76864,-0.511294,-0.309564,-0.131962,0.035054,0.142159,0.225807,0.34369,0.428589,0.469568,0.569782,0.675666,0.699885,0.732561,0.771665,0.738129,0.7237,0.806876,0.878984,0.855791,0.806384,0.792501,0.803814,0.781938,0.700439,0.73596,0.864162,0.70767,0.458756,0.600146,0.825136,0.800034,0.762821,0.755443,0.653766,0.526441,0.477339,0.574946,0.698425,0.722414,0.771598,0.764229,0.610621,0.5529,0.566786,0.604002,0.777068,0.812345,0.748848,0.818042,0.539347,-1
1.168874,2.075901,1.760141,1.606446,1.949046,1.302842,0.459332,0.516412,0.85218,0.989227,0.821253,0.576448,0.743089,0.85297,0.307458,-0.130391,-0.0622,-0.100727,-0.232818,-0.234465,-0.214756,-0.230413,-0.227551,-0.231002,-0.463479,-0.724215,-0.787885,-0.986687,-1.224672,-1.288142,-1.364148,-1.428221,-1.501767,-1.648084,-1.705836,-1.686791,-1.705719,-1.777683,-1.869313,-1.858376,-1.737717,-1.729149,-1.728105,-1.546037,-1.459102,-1.410752,-1.163427,-0.907419,-0.716211,-0.581763,-0.442526,-0.207046,-0.026463,0.117036,0.220637,0.264315,0.405055,0.464974,0.434163,0.486807,0.439388,0.369611,0.413149,0.397895,0.318764,0.263717,0.288863,0.358244,0.326737,0.229215,0.204418,0.244386,0.262632,0.243885,0.227502,0.245785,0.232959,0.164611,0.171538,0.16669,0.099141,0.146937,0.133414,0.125294,0.202713,0.186409,0.419006,0.723888,1.323947,2.136488,1.746597,1.47022,1.893512,1.256949,0.800407,0.73154,-1
0.648658,0.752026,2.636231,3.455716,2.118157,0.52062,-0.188627,0.780818,0.933775,0.701402,1.006133,0.395784,-0.369703,-0.738202,-0.729084,-0.90694,-0.870962,-1.060217,-1.197958,-0.981602,-1.272497,-1.28738,-1.276698,-1.539702,-1.34661,-1.535217,-1.763418,-1.688821,-1.809368,-1.863891,-1.994453,-1.88981,-1.925713,-1.833629,-1.66183,-1.34251,-1.011317,-0.672717,-0.216157,0.052872,0.56209,0.70088,0.946927,1.004997,1.027542,1.191664,0.968855,0.844618,0.779492,0.743938,0.673353,0.505276,0.662547,0.607703,0.546105,0.687163,0.543004,0.453148,0.485785,0.440679,0.539153,0.369571,0.377316,0.470113,0.321448,0.325513,0.251259,0.270571,0.277161,0.155171,0.120954,0.326395,0.473952,0.594736,0.698199,0.826781,0.575166,0.401196,0.349966,0.148053,-0.033206,-0.114266,0.120345,-0.220102,-0.151226,-0.077445,-0.097869,-0.136787,-0.340237,-0.089441,-0.080297,-0.192584,-0.304704,-0.454556,0.31459,0.58219,1
0.404733,1.280859,2.515148,1.299519,1.453432,0.474275,-1.396562,-0.647081,0.431945,0.132445,-0.406609,0.230566,-0.121353,-0.91864,-1.246771,-1.348374,-1.190283,-1.01127,-2.00392,-1.327037,-0.976034,-1.863617,-1.487691,-1.61614,-1.957563,-1.700664,-1.518479,-1.897584,-2.177175,-1.872789,-1.775291,-1.668159,-1.933343,-1.489612,-1.150733,-1.078156,-0.773723,-0.520221,-0.205253,-0.026608,0.299054,0.19432,0.701793,0.671891,0.853787,0.676852,0.898916,0.772258,0.649863,0.638816,0.67025,1.037436,0.433053,0.657159,0.529013,0.562071,1.028351,-0.019686,1.177762,0.847904,0.169432,0.673434,0.635265,0.74822,0.640167,0.591316,0.431681,0.7175,0.595416,0.458488,0.483566,0.655713,0.490794,1.06687,0.929149,0.939026,1.312178,0.580604,0.570959,0.522775,0.446323,0.620682,0.049713,0.269856,0.418918,-0.064346,0.376469,0.277811,0.225676,0.159091,0.408354,0.540015,-0.027791,0.203476,0.346964,0.339185,1
1.205006,2.031855,2.447294,2.739448,2.74589,2.276355,1.525366,0.760597,0.188448,-0.029051,-0.049524,-0.209964,-0.37415,-0.248638,-0.095017,-0.099479,-0.121416,-0.358549,-0.739135,-0.787652,-0.708941,-0.759756,-0.741058,-0.881707,-1.018906,-0.581383,-0.358993,-0.924218,-1.094809,-0.661364,-0.785124,-1.288157,-1.334503,-1.267791,-1.502142,-1.639972,-1.533962,-1.566857,-1.730994,-1.719666,-1.668494,-1.735507,-1.647287,-1.387559,-1.309605,-1.319654,-1.100392,-0.900458,-0.934342,-0.765193,-0.317504,-0.12712,-0.123939,0.094418,0.288426,0.261347,0.289732,0.407278,0.436637,0.449308,0.570867,0.711178,0.672708,0.501022,0.504743,0.644095,0.569342,0.406378,0.450226,0.517524,0.502765,0.571933,0.634693,0.649309,0.703081,0.587693,0.355199,0.390963,0.558826,0.611008,0.692575,0.794446,0.896887,1.051482,0.939116,0.555741,0.447311,0.564642,0.4876,0.421003,0.549766,0.505463,0.281844,0.346831,0.526375,0.22789,-1
0.598241,1.098729,1.683529,2.478913,2.802413,2.438696,1.717657,1.009309,0.257351,-0.221559,-0.135582,-0.191269,-0.306972,-0.167641,-0.098005,-0.05626,-0.3234,-0.630181,-0.569719,-0.709407,-0.750323,-0.673327,-0.980101,-1.207114,-1.18138,-1.026396,-1.299488,-1.928882,-1.907636,-1.868825,-1.990612,-2.011636,-2.402652,-2.144032,-1.661815,-1.939357,-1.872273,-1.554691,-1.301194,-1.016451,-0.979277,-0.706255,-0.303372,-0.012646,0.169673,0.09133,0.25028,0.387265,0.257929,0.429292,0.517512,0.404675,0.511982,0.577329,0.521893,0.552562,0.602139,0.548175,0.413852,0.374041,0.518664,0.551018,0.414777,0.480801,0.595435,0.568737,0.721969,0.843128,0.616827,0.608018,0.7763,0.616821,0.59952,0.688926,0.530727,0.544621,0.65982,0.564855,0.472634,0.454204,0.406493,0.315726,0.155475,0.150124,0.354392,0.378693,0.39463,0.525782,0.279348,-0.069658,0.027544,0.153025,0.042232,0.134269,0.29615,0.062932,-1
0.328008,1.210222,2.597653,2.210778,1.621666,-0.239321,-1.598712,-0.602136,-0.086603,0.026581,-0.303049,-0.37246,-0.27913,-0.949471,-0.964086,-0.954861,-1.203296,-1.340139,-1.371508,-1.173875,-1.418955,-1.559241,-1.308441,-1.812375,-1.699133,-1.504193,-2.001629,-1.857437,-1.954318,-1.716709,-2.167545,-1.674881,-1.814565,-1.507357,-0.999704,-1.049914,-0.514848,-0.298347,0.128876,0.379431,0.474602,0.606465,1.035529,0.907604,1.04288,0.919865,1.140832,0.850174,0.786888,1.015812,0.780875,0.801012,0.656214,0.696182,0.6779,0.901509,0.654916,0.814485,0.859142,0.683447,0.640212,0.791779,0.56014,0.633912,0.772007,0.41967,0.6348,0.535775,0.321296,0.482557,0.576306,0.289965,0.689769,0.855599,0.756531,0.860129,0.723878,0.445886,0.520915,0.597103,0.004158,0.188739,0.358393,-0.169484,0.31336,0.125991,-0.046115,0.099801,-0.052888,0.119056,0.061989,-0.060122,-0.030953,0.001111,0.227718,0.23971,1
1.668206,2.848173,2.516978,2.172773,0.720467,0.725376,1.638602,1.292904,1.609566,1.395034,0.14928,-0.333226,-0.452782,-0.78509,-0.828533,-0.826571,-0.973497,-1.170111,-1.150549,-1.257532,-1.420353,-1.48459,-1.465785,-1.377939,-1.604248,-1.775639,-1.761526,-2.080916,-2.227107,-1.957896,-2.108953,-1.89408,-1.800323,-1.464235,-1.04806,-0.895175,-0.490699,-0.017317,0.203454,0.278831,0.675024,0.655109,0.680488,0.719077,0.72019,0.656023,0.536043,0.668365,0.686193,0.559046,0.56085,0.659646,0.709409,0.615476,0.631255,0.567415,0.400708,0.457042,0.508302,0.411797,0.400527,0.36189,0.267917,0.321749,0.262688,0.225818,0.256686,0.146507,0.123445,0.105692,0.196015,0.064346,0.080598,0.333267,0.292943,0.382613,0.681508,0.6151,0.326993,0.165494,0.096226,0.018381,-0.036049,-0.022688,-0.006131,-0.014323,-0.154365,-0.017805,-0.007506,0.005362,-0.026597,-0.048192,-0.032347,-0.214054,0.056031,0.147889,1
0.48223,0.986832,1.443768,2.186428,2.517539,1.878655,1.092686,0.352575,-0.293884,-0.115388,0.320088,0.20484,0.09906,0.229456,0.248233,0.18642,-0.18923,-0.5396,-0.457367,-0.559855,-0.680345,-0.531208,-0.557074,-0.708288,-0.792524,-0.808925,-0.892531,-1.183525,-1.392898,-1.423827,-1.653337,-1.856352,-1.870423,-2.261443,-2.453607,-2.207415,-2.257791,-2.179426,-1.963291,-1.839903,-1.523589,-1.356156,-1.018679,-0.473682,-0.344655,-0.173756,0.204822,0.299043,0.319699,0.589139,0.781993,0.653913,0.648016,0.816553,0.782818,0.770508,0.825533,0.678381,0.537924,0.535947,0.564895,0.554147,0.483415,0.437876,0.404304,0.395755,0.48235,0.517715,0.475986,0.538581,0.630275,0.618145,0.664343,0.864714,1.108791,1.239031,1.089969,0.842227,0.933019,0.893724,0.409134,0.299692,0.358683,0.169552,0.285761,0.321952,0.033173,0.006889,-0.057386,-0.306332,-0.067411,0.225194,0.069387,0.058976,0.207199,0.133147,1
0.274827,0.481037,0.919264,1.538613,2.046619,2.247143,1.881334,1.223464,0.581009,-0.013896,0.07521,0.324722,-0.099838,-0.169348,0.002737,-0.068219,-0.268853,-0.874514,-0.96354,-0.639269,-0.978178,-1.07228,-0.843348,-1.158443,-1.261008,-1.186197,-1.455212,-1.692955,-1.901505,-1.681844,-1.570979,-2.016377,-2.141854,-2.026963,-1.989681,-1.815479,-2.067359,-2.174979,-1.589711,-1.372573,-1.247756,-0.881251,-0.687248,-0.402124,-0.200596,-0.071598,0.031613,0.080364,0.212874,0.335406,0.477434,0.53827,0.489879,0.517945,0.532206,0.484143,0.489559,0.51086,0.42389,0.495461,0.704774,0.560845,0.43955,0.581828,0.613668,0.637577,0.666343,0.634299,0.650316,0.707494,0.761928,0.755242,0.784698,0.919124,0.960937,0.914546,0.997065,1.021373,0.830716,0.754228,0.739926,0.53292,0.442391,0.506583,0.447827,0.428281,0.437378,0.342219,0.380302,0.368253,0.253681,0.292884,0.298164,0.31718,0.423035,0.261517,1
-0.706305,-0.226181,0.2162,-0.317727,-0.648972,-1.219349,-1.524295,-1.50806,-1.550899,-1.600454,-1.689167,-1.395394,-1.470831,-1.58177,-1.308066,-1.322038,-1.320154,-1.394581,-1.238441,-1.317983,-1.428344,-1.330319,-1.359501,-1.350541,-1.449242,-1.424894,-1.29909,-1.106607,-0.970709,-0.78747,-0.404745,-0.231629,-0.067759,0.144922,0.422555,0.534026,0.357553,0.528215,0.461757,0.363512,0.313566,-0.023153,0.242318,-0.002397,0.007962,0.025181,-0.046041,0.315192,0.218961,0.307664,0.531386,0.417606,0.484821,0.569052,0.704708,0.676668,0.631869,0.806654,0.67985,0.573794,0.691696,0.709515,0.682607,0.606539,0.623936,0.53699,0.793528,1.108089,1.015477,1.173739,0.679257,0.570597,0.482428,0.335324,0.415497,0.263531,0.264926,0.199649,0.229677,0.326401,0.202782,0.181532,0.231926,0.386098,0.265266,0.2469,0.338167,0.120887,0.33197,0.64159,1.531394,3.12484,3.332053,2.653741,1.155385,-0.366819,1
0.987546,2.813291,3.850263,2.379789,1.699814,0.078576,-0.596671,0.827019,0.871196,0.809909,0.842971,0.605613,0.089043,-0.592121,-0.640188,-0.583815,-1.021813,-0.872483,-0.97818,-1.088329,-1.060964,-1.233206,-1.39738,-1.420162,-1.285415,-1.619275,-1.676742,-1.501702,-1.6669,-1.855677,-1.926868,-1.527414,-1.612328,-1.661935,-1.22145,-1.031366,-0.562227,-0.140943,-0.044415,0.407902,0.64344,0.527006,0.963918,1.117307,0.867149,1.109901,0.948222,0.90598,0.809299,0.863013,0.768008,0.578592,0.837274,0.422436,0.559991,0.742465,0.550676,0.525113,0.639248,0.476476,0.39719,0.545133,0.333033,0.366839,0.446472,0.078467,0.206275,0.334301,0.108234,0.003454,0.028081,0.287692,0.241314,0.69449,0.673933,0.491595,0.507064,0.100986,0.255627,-0.080152,-0.407105,-0.171394,-0.440535,-0.320627,-0.37313,-0.425489,-0.241895,-0.691436,-0.403641,-0.293845,-0.559178,-0.194394,-0.559884,-0.706378,-0.307077,-0.222496,1
0.501123,0.729131,0.83374,1.25577,2.001362,2.504033,2.454195,2.220327,2.122435,1.916524,1.382133,0.735449,0.220855,-0.048817,0.058893,0.370642,0.353925,-0.05694,-0.270149,-0.030288,0.183926,0.034146,-0.185519,-0.176941,-0.140886,-0.338274,-0.563279,-0.531839,-0.399028,-0.470855,-0.69888,-0.86422,-0.925439,-0.920406,-0.881778,-0.943237,-1.201582,-1.469527,-1.496398,-1.412496,-1.56781,-1.91209,-1.997244,-1.738899,-1.581815,-1.716598,-1.797959,-1.629614,-1.450983,-1.427837,-1.423427,-1.312423,-1.132547,-0.929641,-0.717966,-0.538653,-0.417016,-0.294519,-0.134178,-0.029799,-0.047162,-0.059706,0.087575,0.295971,0.357272,0.305298,0.35968,0.536311,0.605986,0.521414,0.492485,0.563844,0.5487,0.459775,0.532104,0.753075,0.846518,0.755136,0.699768,0.736764,0.659629,0.458897,0.424278,0.575147,0.559188,0.353284,0.358016,0.605889,0.710963,0.61971,0.56493,0.556114,0.561819,0.658187,0.639711,0.242618,-1
2.24879,3.535038,2.888274,2.72092,0.86212,0.375577,1.639204,1.283124,1.157071,1.185072,0.595377,-0.051509,-0.433809,-0.379166,-0.523183,-0.718304,-0.713566,-0.820406,-0.859695,-1.007711,-1.134555,-1.071456,-1.127762,-1.315962,-1.501369,-1.505195,-1.653859,-1.880902,-1.810099,-1.881425,-1.986411,-1.980299,-1.767725,-1.431656,-1.248947,-0.924514,-0.497634,-0.151274,0.196438,0.361457,0.524816,0.781852,0.85575,0.868005,0.826245,0.78078,0.725188,0.651595,0.655501,0.524954,0.568751,0.720056,0.57296,0.500841,0.495356,0.514899,0.516381,0.405982,0.422143,0.410792,0.319472,0.316479,0.307409,0.252302,0.098817,0.058966,0.141127,0.074439,0.010571,0.018009,0.060328,-0.005284,-0.039993,0.085052,0.232145,0.384849,0.402899,0.393556,0.240326,0.053104,-0.015459,-0.195103,-0.192493,-0.349536,-0.434444,-0.23053,-0.279593,-0.39913,-0.356392,-0.251854,-0.317171,-0.351691,-0.252224,-0.275438,-0.291347,-0.205085,1
0.319309,2.091695,3.443776,2.233017,2.302414,0.621608,-0.886664,0.248081,0.498802,-0.098005,-0.030766,0.34472,-0.389872,-0.620124,-1.045305,-1.041044,-0.618697,-1.178406,-1.197521,-1.088062,-1.381653,-1.297184,-1.32493,-1.501298,-1.661647,-1.833388,-1.814171,-1.674117,-1.858805,-1.998634,-2.04557,-1.89677,-1.634395,-1.342989,-1.165669,-0.907222,-0.502032,-0.143911,0.203061,0.673864,0.704637,0.636868,1.116656,0.669575,1.139199,1.243291,0.777981,0.936657,0.707134,0.888689,0.920095,0.74581,0.658056,0.405393,0.829663,0.748405,0.580953,0.627084,0.480558,0.565592,0.667878,0.568856,0.450938,0.458579,0.380926,0.349509,0.398791,0.228009,0.142853,0.109838,0.204224,0.10186,0.270169,0.454589,0.689589,0.929534,0.50571,0.363763,0.446993,0.290175,0.040298,-0.202537,-0.083446,-0.158635,-0.042543,-0.193428,-0.160642,-0.207915,-0.165777,-0.186022,-0.184003,-0.026053,-0.277515,-0.128456,-0.042732,-0.177172,1
0.630396,2.191977,3.5209,2.730039,2.13894,0.560727,-0.678532,0.737455,1.128454,0.616215,0.957967,0.847469,-0.004298,-0.490777,-0.536578,-0.75627,-0.862373,-0.922179,-0.917244,-1.033962,-1.088873,-1.107554,-1.177252,-1.336645,-1.562936,-1.441687,-1.525005,-1.807127,-1.928468,-1.949676,-1.819808,-1.757956,-1.731673,-1.674876,-1.301964,-1.040164,-0.763873,-0.341045,-0.1628,0.240126,0.312421,0.53647,1.08952,0.832788,0.819006,0.902122,0.791935,0.889632,0.772469,0.746991,0.665403,0.520132,0.701204,0.826426,0.665091,0.423088,0.683467,0.778576,0.364766,0.65741,0.908811,0.72743,0.411639,0.241511,0.415912,0.323878,0.275538,0.204093,0.222548,0.316905,0.084497,0.353342,0.376529,0.659823,0.816202,0.680127,0.310226,-0.206234,0.030208,0.094015,-0.100824,-0.288887,-0.266155,-0.151929,-0.477837,-0.224961,-0.272648,-0.484068,-0.516631,-0.574304,-0.141156,-0.44796,-0.738019,-0.398605,-0.488689,-0.232315,1
1.088076,1.56404,1.36889,1.250157,1.491498,1.682589,1.226951,0.343969,-0.335317,-0.72932,-0.94972,-1.015929,-1.066043,-1.163375,-1.207466,-1.234712,-1.324842,-1.364945,-1.331229,-1.356372,-1.370512,-1.333925,-1.378162,-1.395286,-1.400959,-1.492015,-1.502984,-1.553505,-1.598864,-1.464568,-1.516411,-1.645835,-1.507523,-1.400292,-1.386624,-1.224093,-1.035596,-0.888895,-0.670867,-0.500359,-0.30487,-0.042426,0.011476,0.101493,0.258398,0.137344,0.103185,0.259428,0.288845,0.375612,0.45706,0.246083,0.167057,0.341072,0.2623,0.220482,0.364962,0.288353,0.288279,0.402727,0.364962,0.431089,0.476954,0.340082,0.48675,0.740876,0.606622,0.645316,0.88256,0.705738,0.560697,0.538151,0.425856,0.596396,0.779363,0.732811,0.623761,0.490632,0.439449,0.254884,0.197504,0.400719,0.249044,0.209621,0.364962,0.129844,0.244322,0.585254,0.547644,1.093302,2.150796,2.385066,1.993872,1.760286,1.269218,0.399103,-1
0.526412,1.007902,1.789894,2.358014,2.301474,2.087025,1.967556,1.514055,0.750454,0.1154,-0.227835,-0.201112,0.001406,-0.090393,-0.363489,-0.434952,-0.421636,-0.383902,-0.243696,-0.293304,-0.598978,-0.792398,-0.79441,-0.742233,-0.700615,-0.841459,-1.111548,-1.189314,-1.172079,-1.332192,-1.51256,-1.560419,-1.629478,-1.753626,-1.815287,-1.817195,-1.818364,-1.830732,-1.81006,-1.699105,-1.54577,-1.456666,-1.436545,-1.409505,-1.261815,-0.914411,-0.526573,-0.396444,-0.501467,-0.450288,-0.131466,0.069686,0.045052,0.124838,0.262945,0.242814,0.309024,0.459185,0.298945,0.096623,0.321059,0.551178,0.356072,0.195364,0.415277,0.572908,0.411724,0.330657,0.453505,0.458641,0.398823,0.494015,0.607659,0.631894,0.595237,0.532747,0.604438,0.687899,0.546087,0.58014,0.940546,1.017478,0.888709,1.029047,1.039137,0.778874,0.779561,0.851211,0.659556,0.631274,0.830815,0.827094,0.739913,0.824094,0.806939,0.495051,-1
-0.36808,-0.621984,-0.601417,-0.628289,-0.611443,-0.392572,-0.322742,-0.579116,-0.896488,-0.994845,-0.810964,-0.742455,-1.01507,-1.073135,-0.856381,-1.093095,-1.514501,-1.394173,-1.190918,-1.541089,-1.88666,-1.760761,-1.916579,-2.076817,-1.73554,-1.918453,-2.19744,-1.757871,-1.51904,-1.585452,-1.394458,-1.003315,-0.690675,-0.488882,-0.1174,0.25205,0.153349,0.139852,0.550462,0.547318,0.319095,0.508509,0.624497,0.597344,0.614821,0.479705,0.469213,0.639205,0.490667,0.33889,0.511685,0.582977,0.501365,0.445529,0.490311,0.570643,0.549442,0.622683,0.703784,0.707431,0.836581,0.976711,1.044708,1.100516,1.187149,1.285006,1.250415,1.165927,1.023634,0.810853,0.691458,0.569481,0.589417,0.703484,0.682048,0.598104,0.2366,0.113982,0.394924,0.348538,0.389709,0.456544,0.153656,0.181179,0.366464,0.298353,0.556864,0.96894,1.354753,2.190151,2.465477,1.646662,0.921942,0.270196,-0.49064,-0.452513,1
0.087253,1.252048,1.970673,1.736905,1.394208,-0.280915,-0.361118,0.822504,0.057915,0.019469,0.218493,-0.688162,-0.935457,-0.990109,-1.086625,-1.152811,-1.242149,-1.297864,-1.314573,-1.35494,-1.475326,-1.492318,-1.528404,-1.694323,-1.782055,-1.794433,-1.87478,-2.025017,-2.011048,-2.013948,-2.166831,-2.096888,-1.847223,-1.756375,-1.53387,-1.144208,-0.803595,-0.430194,-0.122115,0.189429,0.449238,0.510238,0.649123,0.746443,0.655683,0.58777,0.608791,0.660367,0.421513,0.426544,0.604896,0.521824,0.571411,0.583672,0.576117,0.587767,0.633835,0.580232,0.4945,0.455957,0.544738,0.525924,0.382146,0.439767,0.527116,0.501408,0.419536,0.381304,0.4218,0.380758,0.441029,0.550428,0.463714,0.428007,0.725122,0.860052,1.008694,1.024387,0.86486,0.878152,0.690276,0.636795,0.702711,0.555059,0.345636,0.555024,0.740353,0.449523,0.478314,0.568354,0.654379,0.530824,0.64065,0.739179,0.519674,0.64716,1
0.470412,1.174849,2.221479,3.903861,2.787999,1.008732,-0.585967,-1.114817,-0.125195,0.117041,0.201799,-0.385986,-0.208467,0.258448,-0.293463,-0.100477,-0.446619,-0.941012,-0.713266,-0.807584,-0.959763,-1.023029,-1.207656,-1.241056,-1.335513,-1.521373,-1.557603,-1.576612,-1.73485,-1.956903,-1.729561,-2.098883,-1.714851,-1.775127,-1.674449,-1.330791,-1.273766,-0.665481,-0.692121,-0.252761,0.077725,0.041614,0.475231,0.80392,0.918503,1.107481,0.775805,1.052794,1.012012,0.724438,0.954836,0.638204,0.803213,0.808655,0.350487,0.593081,0.813939,0.638927,0.461929,1.395024,0.240798,0.058936,0.801723,0.060675,0.563012,0.385234,0.109234,0.470346,0.166416,0.18779,0.431082,0.334082,0.306835,0.809951,1.152223,0.540832,0.905707,0.737032,0.055854,0.20591,-0.015737,0.090975,-0.221593,-0.280455,-0.448351,-0.041018,0.037214,-0.191963,-0.331257,-0.057072,-0.044219,-0.213007,-0.147139,-0.146029,0.086343,-0.147795,1
1.351063,2.825347,2.640539,1.218597,-0.056742,1.196953,0.724682,0.966652,0.549824,-0.988603,-1.089661,-1.379647,-1.493301,-1.535886,-1.608579,-1.797936,-1.871388,-1.808415,-1.963441,-1.867452,-1.972518,-1.974003,-1.811858,-1.776093,-1.658482,-1.579093,-1.208955,-0.956518,-0.578932,0.009141,0.413934,0.796936,1.15327,1.34663,1.580598,1.657908,1.5706,1.435705,1.371004,1.187334,0.975159,0.906625,0.806311,0.796966,0.606937,0.644096,0.436388,0.417341,0.397328,0.277748,0.356361,0.223538,0.218878,0.216451,0.226281,0.051749,0.05749,0.140594,0.00813,-0.013383,0.042685,0.062065,-0.057979,-0.055662,0.062631,-0.151017,0.016423,0.032865,-0.142122,-0.043955,0.00195,-0.02324,-0.043993,0.028251,-0.03734,-0.011156,0.004119,0.006236,0.227291,0.379019,0.405062,0.199519,0.291684,-0.027799,-0.198685,-0.170738,-0.284463,-0.150614,-0.262004,-0.222424,-0.271783,-0.065168,-0.153994,-0.099545,-0.072255,0.015933,-1
0.475276,1.343113,2.784832,2.887771,1.550017,-0.40539,-0.024368,1.056572,0.764721,1.000311,0.618924,-0.263102,-0.572706,-0.683809,-0.855286,-0.871818,-0.974631,-1.068032,-1.004841,-1.15649,-1.220693,-1.306734,-1.444895,-1.451108,-1.662704,-1.753589,-1.75575,-1.927027,-2.073283,-2.130468,-2.162592,-2.170221,-2.014311,-1.734883,-1.472015,-1.119518,-0.67855,-0.246053,0.172427,0.487516,0.722194,0.878963,0.857697,0.894697,0.930458,0.747758,0.676151,0.71573,0.693776,0.650563,0.656008,0.697374,0.722069,0.744808,0.689101,0.681703,0.705292,0.67209,0.666117,0.606625,0.686618,0.539065,0.474442,0.559845,0.417166,0.433726,0.400791,0.321961,0.349785,0.335431,0.227706,0.19367,0.227422,0.175519,0.347508,0.619782,0.678466,0.567691,0.452235,0.396656,0.219126,0.042418,0.0089,0.035966,-0.062249,-0.099532,0.04216,-0.051857,-0.067828,0.01017,-0.019264,-0.057952,-0.077762,0.075638,0.080578,-0.029783,1
0.669227,0.640163,0.338158,0.285311,-0.131267,-0.288274,-0.337896,-0.777546,-0.724116,-0.708911,-0.900832,-0.926816,-1.206166,-1.204328,-1.290082,-1.492626,-1.469542,-1.620257,-1.96418,-2.140537,-2.235578,-2.191235,-2.419061,-2.38335,-2.335281,-2.40913,-1.728079,-1.508118,-1.1367,-0.596791,-0.425284,0.049137,0.339335,0.595118,0.814561,0.513472,0.740939,0.826282,0.521639,0.695415,0.641739,0.576786,0.581653,0.627013,0.640052,0.633603,0.451957,0.755078,0.64088,0.525382,0.665785,0.425173,0.569612,0.637768,0.456425,0.181578,0.478949,0.464254,0.371129,0.570901,0.158825,0.522386,0.566842,0.06108,0.474454,0.349332,0.242379,0.60357,0.610547,0.781387,1.011705,0.575415,0.338573,0.603418,0.295541,0.211545,0.418401,0.088503,0.181717,0.334347,0.027674,0.294013,0.32949,-0.030629,0.382431,0.220328,0.210246,0.15923,0.272055,0.410759,1.062158,2.542767,2.192194,1.547499,0.902994,-0.325667,1
1.194928,2.190797,2.443274,2.000791,1.004989,0.182986,0.841614,1.315862,1.080809,1.348972,1.147414,0.31794,-0.395676,-0.522953,-0.588006,-0.730687,-0.810449,-0.896889,-0.968934,-1.161674,-1.222513,-1.284079,-1.471845,-1.661311,-1.944172,-2.039104,-2.180117,-2.41422,-2.447767,-2.444885,-2.297421,-2.103125,-1.877082,-1.539467,-1.141504,-0.812602,-0.495075,-0.175193,0.074941,0.30021,0.403946,0.464928,0.505997,0.572747,0.516751,0.517256,0.511762,0.446051,0.46327,0.477796,0.506138,0.523076,0.490897,0.553587,0.579404,0.510878,0.576802,0.558578,0.543803,0.545974,0.453105,0.47026,0.515335,0.390924,0.402032,0.399443,0.33478,0.392592,0.282072,0.31199,0.347346,0.351679,0.51549,0.602283,0.651191,0.632617,0.409985,0.368864,0.313569,0.139376,0.093671,0.077365,0.125332,0.060442,0.083074,0.054985,0.061965,0.08667,0.065612,0.00323,0.109534,0.060001,0.040453,0.069218,0.17855,0.456547,1
0.20304,0.462079,0.748368,0.996959,0.998552,0.849494,0.875705,1.009291,0.808067,0.161287,-0.419058,-0.450159,-0.212261,-0.335189,-0.744536,-0.841876,-0.598213,-0.467443,-0.546076,-0.69481,-0.856339,-0.90661,-0.851411,-0.767198,-0.5001,-0.267966,-0.611613,-1.141928,-1.106834,-0.916814,-1.113357,-1.124301,-0.630917,-0.417573,-0.838581,-1.13342,-0.925951,-0.827384,-1.096835,-1.291243,-1.383113,-1.601868,-1.655146,-1.448186,-1.409358,-1.504507,-1.360674,-1.110705,-0.990663,-0.86474,-0.665341,-0.531739,-0.456412,-0.293517,-0.048335,0.143213,0.268448,0.374486,0.43712,0.520298,0.645955,0.622962,0.475604,0.465321,0.513729,0.435572,0.41167,0.506603,0.434681,0.215097,0.212301,0.386974,0.333856,0.118747,0.199774,0.478254,0.5216,0.411859,0.339257,0.232831,0.252096,0.433155,0.35764,0.178738,0.377372,0.572052,0.498692,0.743126,1.364038,1.980245,2.712525,3.269882,3.070404,2.516016,1.93088,0.884386,-1
0.466793,0.503625,0.788669,0.222936,0.537304,0.043553,-0.261141,0.803156,-0.139523,-0.612162,-0.324421,-0.167217,-0.210541,-0.957895,-0.096173,-0.311731,-0.743578,-0.873204,-1.082299,-0.639329,-1.421439,-1.884789,-0.754477,-1.297312,-2.540979,-2.312326,-2.015622,-2.268219,-2.617175,-2.411091,-2.182032,-2.190426,-2.16448,-1.726616,-1.17031,-1.269284,-1.140406,-0.22605,0.298349,0.226856,0.390907,0.715621,0.770041,0.865626,1.080288,1.044571,0.704397,0.849987,1.217823,0.760109,0.465835,0.912083,0.93517,0.634117,0.595641,0.706281,0.912832,0.82768,0.61224,0.954048,0.975613,0.629998,0.539945,0.481733,0.660939,0.785314,0.826052,0.640126,0.277496,0.509115,0.699167,0.744218,0.033625,0.4707,0.77461,0.279256,0.445182,0.182058,0.689157,0.6244,-0.097794,0.49746,0.349998,0.349337,0.324933,0.597956,1.001974,0.67441,0.739324,0.540863,0.345834,0.777728,0.248128,0.004283,0.425194,0.117377,1
0.150584,1.656594,2.706767,2.668705,2.161649,0.453582,-1.124807,-0.035756,0.71934,0.169201,0.525925,0.644602,-0.032198,-0.653131,-0.64744,-0.998546,-0.987391,-1.234771,-1.168894,-1.132583,-1.281442,-1.202279,-1.347346,-1.470597,-1.660908,-1.733253,-1.676199,-1.72287,-1.956784,-2.094501,-1.996596,-1.887431,-1.952327,-1.59339,-1.401449,-1.356013,-0.958865,-0.483304,-0.044625,0.131442,0.348935,0.653455,0.928277,0.903496,0.970486,1.022135,1.07705,0.97307,0.929981,0.849032,0.768822,0.756218,0.656099,0.812487,0.724854,0.606436,0.538831,0.595983,0.76609,0.651961,0.581522,0.509548,0.614527,0.688802,0.390526,0.307013,0.335092,0.424302,0.366496,0.167335,0.412849,0.538341,0.379454,0.544796,0.754139,0.719268,0.502062,0.309883,0.244994,0.187062,0.022709,-0.190902,-0.08909,-0.035984,-0.135617,0.038921,-0.115213,-0.227579,-0.12843,-0.161932,-0.014223,-0.10071,0.101912,0.012288,-0.104105,0.463553,1
-0.157389,0.736981,2.499638,3.052125,1.628032,-0.360935,-1.22696,-0.090289,0.461344,0.263946,0.372876,0.109549,-0.617033,-1.240592,-0.637597,-1.186734,-1.178848,-1.302162,-0.992057,-1.004383,-1.293512,-1.44867,-1.715884,-1.431726,-1.499085,-1.558642,-1.85676,-2.015086,-1.73491,-1.626484,-1.921891,-2.057781,-1.686768,-1.464576,-1.386752,-1.105083,-0.603252,-0.283816,0.01853,0.309797,0.610148,1.189014,0.893231,0.984722,1.200026,1.136819,1.137781,1.124011,1.016553,0.950499,1.006364,0.893108,0.65362,0.886464,0.948617,0.543149,0.854796,0.443093,0.359075,1.04327,0.827659,0.299226,0.491369,0.622834,0.244747,0.515459,0.509331,0.257639,0.544484,0.104671,0.304787,0.291241,0.061505,0.48884,0.481566,0.764005,0.578859,0.65466,0.578801,-0.057641,0.338954,0.132096,0.076899,-0.05898,-0.076749,-0.022102,-0.161323,0.068656,0.192149,-0.051264,0.068644,-0.017256,0.01651,0.14905,-0.026306,0.165461,1
0.656567,2.439455,3.768696,2.504815,2.081098,0.587868,-1.052794,0.09188,0.992146,0.238737,0.206195,0.554274,-0.480571,-0.608561,-0.631233,-0.75098,-0.91056,-1.174629,-0.952759,-1.173999,-1.224855,-1.08808,-1.302638,-1.377933,-1.587647,-1.717181,-1.70417,-1.773629,-1.805168,-1.63355,-1.850527,-1.766964,-1.650044,-1.433402,-1.045571,-0.959109,-0.651085,-0.294918,0.085521,0.377416,0.462329,0.769587,0.908685,1.065449,1.011872,0.883265,1.187174,0.893563,0.728474,0.945163,0.598599,0.556217,0.690094,0.627365,0.595368,0.564385,0.734113,0.638191,0.512452,0.647474,0.757729,0.359196,0.593077,0.573238,0.180394,0.544979,0.330091,0.261312,0.348231,0.158021,0.20835,0.144735,0.304542,0.579237,0.587027,0.423277,0.675164,0.328286,-0.096944,0.044244,-0.127241,-0.114935,-0.281784,-0.147735,-0.285834,0.00007,-0.390003,-0.472572,-0.107957,-0.427592,-0.370079,-0.356225,-0.427826,-0.379634,-0.357688,-0.059085,1
1.257138,2.78097,3.287135,2.700352,0.869512,0.75424,1.521267,1.020612,1.033003,0.919983,0.004031,-0.432825,-0.435237,-0.644678,-0.807233,-0.787446,-0.899349,-0.993034,-1.10987,-1.150436,-1.272275,-1.385109,-1.473707,-1.521645,-1.619088,-1.840882,-1.766895,-1.995584,-2.140311,-1.917925,-1.987337,-1.817844,-1.771429,-1.420822,-0.994776,-0.737448,-0.363256,0.011137,0.376423,0.458037,0.684024,0.781407,0.804198,0.778132,0.865464,0.730732,0.585408,0.655861,0.601652,0.605679,0.536616,0.532578,0.635982,0.530996,0.559496,0.549415,0.500598,0.49217,0.424453,0.46237,0.33621,0.356032,0.435328,0.340443,0.285577,0.233172,0.313454,0.300019,0.177775,0.161567,0.227137,0.151086,0.128967,0.321059,0.559039,0.609618,0.541402,0.395746,0.212633,0.077602,0.06243,0.043607,-0.120174,-0.137507,-0.13823,-0.097823,-0.35763,-0.235685,-0.123307,-0.224176,-0.226464,-0.207085,-0.101173,-0.313918,-0.168042,0.156678,1
0.188247,0.540119,2.178449,3.493769,2.075331,1.210254,-0.267326,-0.86686,0.283396,0.400121,0.142081,0.092882,0.182408,-0.690886,-0.814723,-0.950372,-1.111059,-1.19425,-1.133374,-1.182391,-1.29675,-1.346519,-1.40176,-1.528303,-1.675998,-1.681774,-1.694025,-1.727597,-2.075028,-1.952687,-1.909056,-2.047341,-1.964981,-1.738151,-1.394909,-1.324397,-0.824399,-0.312985,-0.159017,0.288446,0.484224,0.815936,0.933257,0.869881,1.016363,1.074894,0.980143,0.9465,0.854342,0.735725,0.718694,0.658533,0.68489,0.709243,0.565702,0.558204,0.566667,0.585672,0.583578,0.447691,0.578264,0.525466,0.453058,0.476567,0.355186,0.455719,0.490123,0.383481,0.223964,0.332975,0.413147,0.105509,0.552408,0.798983,0.668818,0.814931,0.577424,0.440115,0.350853,0.18347,0.232933,0.148863,0.025795,-0.088938,0.106153,0.230855,0.078554,0.05938,0.001421,0.041702,0.16333,-0.144984,-0.033069,0.220109,0.049481,0.12923,1
0.534735,1.151228,2.665373,4.177605,2.916897,1.478838,0.13562,-0.634179,0.375886,0.908079,0.584841,0.273234,0.390298,0.088883,-0.376843,-0.517161,-0.684669,-0.751204,-0.830141,-0.728014,-0.918787,-1.186973,-0.838731,-0.989576,-1.397454,-1.302003,-1.422219,-1.633754,-1.651199,-1.782415,-1.882207,-1.950872,-1.805555,-1.742632,-1.471522,-1.403169,-1.14946,-0.755865,-0.56482,0.058797,0.04651,0.045873,0.481991,0.775385,0.569191,0.913586,0.954689,1.005423,1.037766,0.806074,0.851194,0.823946,0.713108,0.604499,0.722067,0.57987,0.525532,0.496721,0.621045,0.510597,0.64136,0.551105,0.332269,0.773089,0.364507,0.155115,0.600778,0.11596,-0.005223,0.164812,0.048157,0.045532,0.066651,0.230524,0.603228,0.712387,0.499104,0.273008,0.142047,0.071577,0.055745,-0.148938,-0.320406,-0.2032,-0.3765,-0.397015,-0.188552,-0.551047,-0.22709,-0.539829,-0.232078,0.109499,-0.687686,-0.316347,-0.4329,-0.383598,1
2.041298,2.02159,1.925895,2.33436,1.173874,-0.452548,-0.728089,-0.972869,-1.133044,-1.308392,-1.42691,-1.3778,-1.494645,-1.639158,-1.650747,-1.63712,-1.747546,-1.795782,-1.892359,-1.862291,-2.031475,-2.01818,-1.881874,-1.878814,-1.702141,-1.638922,-1.370551,-1.074531,-0.775779,-0.325801,0.105981,0.419841,0.557807,0.661724,0.742045,0.768802,0.887731,0.930613,0.892788,0.825875,0.713234,0.63487,0.581407,0.55861,0.518874,0.546228,0.462774,0.387101,0.498547,0.458499,0.383374,0.462438,0.521283,0.542896,0.704449,0.810869,0.84129,0.852453,0.691084,0.74737,0.792663,0.824892,0.733556,0.542211,0.439892,0.178186,0.067929,-0.042476,-0.006794,0.015048,-0.049013,-0.094704,-0.114015,-0.001162,-0.083852,-0.093967,-0.078749,0.000196,-0.087712,-0.093444,-0.057698,-0.060419,-0.057214,-0.11642,-0.024919,0.08891,0.115283,0.066654,0.10396,0.23877,0.306208,0.337572,0.755266,0.867938,0.838234,1.358683,-1
0.585976,1.13718,1.290791,1.33595,1.257229,0.005613,-0.8532,-0.854085,-0.954448,-0.745703,-0.906647,-1.169309,-1.227813,-1.445671,-1.364139,-1.445738,-1.66227,-1.505065,-1.676811,-1.824103,-1.651407,-1.830753,-1.638943,-1.712566,-1.998997,-1.709813,-1.674766,-1.241033,-0.944691,-0.98619,-0.681973,-0.181821,0.041145,0.269653,0.488873,0.508614,0.814403,0.904538,0.841335,0.999117,0.706544,0.649845,0.780873,0.814872,0.873599,0.239488,0.97886,0.848524,0.279156,0.469472,0.553903,0.745721,0.540184,0.667073,0.436755,0.62178,0.443736,0.373401,0.476441,0.386997,0.775283,0.378374,0.136124,0.19337,0.215312,0.688313,0.865137,1.104007,0.531059,0.209863,0.470405,0.134283,0.051554,0.504619,-0.107748,-0.280931,-0.097979,-0.009014,0.083351,-0.271512,-0.172888,-0.156304,-0.057781,-0.196808,-0.356545,-0.240176,-0.028156,-0.250563,0.508021,1.393138,2.437916,2.910064,1.973548,-0.048712,-1.527292,-0.24102,1
0.999707,2.791169,3.655678,2.47098,1.459418,0.333175,0.550491,1.467911,1.213143,1.081372,0.99656,0.462366,-0.361508,-0.503907,-0.574427,-0.624917,-0.712726,-0.877252,-0.863112,-0.948954,-1.091888,-1.154423,-1.155745,-1.236709,-1.439345,-1.53286,-1.550577,-1.697434,-1.929023,-1.885867,-1.978862,-1.985494,-1.968056,-1.877146,-1.610291,-1.422786,-1.042061,-0.651912,-0.386743,-0.02474,0.341906,0.530806,0.523899,0.719342,0.837194,0.740333,0.757416,0.708396,0.677103,0.599625,0.529019,0.619078,0.591809,0.50107,0.51124,0.558783,0.440739,0.485031,0.501895,0.460956,0.399881,0.404448,0.406291,0.379171,0.322341,0.282362,0.354853,0.214218,0.187828,0.290846,0.164478,0.109501,0.15207,0.199342,0.299678,0.484954,0.603009,0.60672,0.43018,0.231139,0.227015,0.051546,-0.107227,-0.09565,-0.157196,-0.196149,-0.110205,-0.198716,-0.218748,-0.225775,-0.288573,-0.160038,-0.242554,-0.310704,-0.264839,-0.254343,1
1.616336,2.099727,1.787912,1.328062,0.759385,0.230356,-0.180722,-0.154546,0.030906,-0.075155,-0.336871,-0.236522,0.017446,0.031067,-0.119542,-0.426099,-0.787879,-0.833156,-0.699182,-0.786879,-0.918894,-0.849779,-0.821266,-0.942438,-0.958067,-0.907532,-1.006249,-1.125972,-1.226587,-1.374572,-1.362105,-1.29546,-1.460363,-1.610218,-1.620574,-1.690715,-1.721037,-1.681954,-1.69966,-1.64662,-1.537643,-1.519051,-1.440102,-1.236473,-1.072229,-0.960426,-0.828147,-0.626514,-0.387268,-0.252901,-0.159061,0.025741,0.141073,0.170938,0.308062,0.414243,0.374368,0.422537,0.550832,0.517619,0.41465,0.462296,0.568619,0.544027,0.460279,0.483568,0.533477,0.482406,0.445872,0.457467,0.417931,0.472115,0.627163,0.593036,0.488372,0.571817,0.708162,0.85056,0.992472,0.983142,1.007042,1.219544,1.354761,1.375522,1.453293,1.466158,1.376751,1.391646,1.4369,1.265899,1.142524,1.326915,1.414801,0.807627,0.11649,0.036515,1
0.294768,0.860932,2.419188,3.452053,2.020631,-0.01906,-0.993359,-0.106528,0.547136,0.375808,0.472773,0.273775,-0.23721,-0.942335,-0.685031,-0.949116,-1.03954,-1.168972,-1.191339,-0.905924,-1.304685,-1.43668,-1.428692,-1.612087,-1.617892,-1.727227,-1.654313,-1.864748,-2.043703,-1.788158,-1.98431,-2.142646,-1.460745,-1.797848,-1.478096,-1.230929,-0.798221,-0.023288,-0.470241,0.155809,0.593272,0.793276,0.883526,0.987334,1.138385,0.982324,1.001021,0.831635,0.909989,0.846248,0.645823,0.696775,0.692677,0.818077,0.50116,0.57805,0.641589,0.653127,0.477284,0.492046,0.767128,0.534857,0.428468,0.504432,0.367999,0.270682,0.353918,0.364763,0.16524,0.249505,0.238257,0.341755,0.30404,0.661756,0.934888,0.593108,0.576869,0.478732,0.380422,0.389796,0.055126,0.048534,0.023727,0.01843,0.376029,-0.00497,-0.161309,0.081796,0.119864,-0.238851,0.195617,0.078486,-0.15695,0.16256,-0.006183,0.567915,1
0.580739,1.097111,1.744056,2.278371,2.389487,2.348416,1.943238,1.277484,0.653414,0.081748,0.09201,0.271647,-0.223713,-0.319288,0.157339,0.033267,-0.276605,-0.415469,-0.707699,-0.779877,-0.706351,-0.829265,-0.883124,-0.785551,-0.812183,-1.159634,-1.402469,-1.143903,-1.150597,-1.630256,-1.677548,-1.521735,-1.750714,-1.990933,-2.086291,-2.07317,-1.911572,-1.844463,-1.826695,-1.704751,-1.592494,-1.408161,-1.067223,-0.732399,-0.614048,-0.623655,-0.302552,0.116213,0.055412,0.066443,0.423321,0.453231,0.306692,0.359217,0.369607,0.383012,0.471763,0.461104,0.373733,0.29326,0.285705,0.339488,0.362714,0.385747,0.375049,0.329282,0.364943,0.367403,0.358752,0.521625,0.629748,0.637447,0.82012,1.029119,1.070825,1.05057,0.930597,0.713131,0.682231,0.730196,0.604715,0.657913,0.790183,0.596366,0.503304,0.514859,0.362504,0.418912,0.43684,0.230266,0.306667,0.418809,0.283077,0.286669,0.329647,0.147631,1
0.381239,0.63353,1.002302,1.521278,1.863894,1.792767,1.381155,0.856843,0.263863,-0.152809,-0.130364,0.08406,0.034076,-0.184608,-0.247187,-0.191867,-0.102361,-0.100792,-0.381365,-0.631364,-0.60607,-0.640478,-0.704216,-0.632491,-0.743845,-0.968846,-0.946654,-0.841907,-0.852625,-0.915115,-1.070632,-1.302612,-1.394299,-1.331619,-1.36423,-1.544711,-1.677071,-1.716996,-1.751934,-1.753092,-1.743062,-1.821335,-1.832404,-1.601144,-1.341415,-1.22197,-1.124238,-1.032507,-0.935617,-0.696854,-0.374079,-0.132865,0.013064,0.137627,0.307352,0.479975,0.581407,0.679171,0.791517,0.81584,0.780383,0.778432,0.812467,0.861415,0.852338,0.787232,0.797925,0.828031,0.805701,0.806734,0.750917,0.709352,0.821091,0.769752,0.597205,0.759761,0.963838,0.875398,0.825096,0.866809,0.852958,0.864248,0.895556,1.01377,1.145373,1.041041,1.054055,1.349483,1.43639,1.300242,0.952968,0.353975,-0.037793,-0.609374,-1.474071,-1.070009,1
0.314529,1.912355,2.933356,1.578852,1.351757,0.028089,-1.263289,0.032858,0.400039,-0.200636,0.065544,0.20951,-0.695484,-1.007752,-0.942763,-1.127516,-1.095153,-1.095198,-1.299527,-1.45635,-1.340894,-1.260933,-1.541732,-1.698238,-1.653666,-1.682468,-1.868069,-2.016744,-1.948475,-2.068751,-2.135833,-1.986486,-1.54719,-1.683621,-1.509674,-0.868835,-0.802723,-0.328727,-0.135635,0.141024,0.664817,0.51546,0.874945,0.711346,1.01028,0.845868,0.647208,1.171734,0.54904,0.793659,0.785137,0.344674,0.786512,0.485727,0.681135,0.603226,0.625422,0.550967,0.557884,0.593271,0.636213,0.840508,0.361898,0.444992,0.736808,0.336869,0.552444,0.371122,0.370655,0.68026,0.081467,0.455357,0.449911,0.435185,1.039702,0.634676,0.941947,1.076502,0.403022,0.503103,0.403195,0.18812,0.142613,0.206869,0.169846,0.179122,0.472745,0.215955,-0.001561,0.261008,0.332005,0.195808,0.276233,0.399616,0.368979,0.33294,1
0.31422,0.781063,1.204968,1.534697,1.877331,2.158214,2.102972,1.677909,1.168675,0.689539,0.162957,-0.225868,-0.264981,-0.178537,-0.217148,-0.239102,-0.095148,0.067183,0.044739,-0.192398,-0.52252,-0.752712,-0.763373,-0.67794,-0.707995,-0.837763,-0.897014,-0.895675,-0.962645,-1.085204,-1.178684,-1.238138,-1.311662,-1.452597,-1.641308,-1.78484,-1.872349,-1.89066,-1.778776,-1.7102,-1.841348,-1.889798,-1.725754,-1.654479,-1.617206,-1.333265,-1.071111,-1.053257,-0.945704,-0.648092,-0.463952,-0.440294,-0.378012,-0.179738,0.068042,0.169771,0.132361,0.205407,0.399161,0.49643,0.51252,0.561053,0.603125,0.656522,0.744281,0.743819,0.668794,0.675577,0.723648,0.722218,0.772175,0.887188,0.887147,0.776451,0.762927,0.811546,0.68923,0.483,0.536884,0.829341,0.965383,0.89003,0.907131,0.952087,0.781164,0.640191,0.719623,0.692818,0.538907,0.612083,0.736077,0.571199,0.446568,0.671549,0.787982,0.401365,-1
0.651739,1.237034,2.109448,1.432443,0.786701,-0.45946,-0.363299,-0.557523,-1.195935,-0.82497,-0.786169,-1.228691,-1.320573,-1.383093,-1.313713,-1.308898,-1.495236,-1.664515,-1.658047,-1.805065,-1.912731,-2.329455,-2.509534,-2.436543,-2.25226,-2.601896,-1.774207,-1.668074,-1.559906,-0.660483,-0.873727,-0.348511,-0.069974,-0.152279,-0.10986,0.328014,0.211902,-0.007419,0.387763,0.140098,0.210246,0.322632,0.445219,0.38708,0.47891,0.62107,0.579216,0.69961,0.916708,0.690361,0.788676,0.876302,0.831145,0.7984,0.748929,0.550549,0.563236,0.981232,0.460657,0.624396,0.62939,0.649974,0.37188,0.69082,0.509775,0.578655,0.449036,0.501704,0.551465,0.518478,0.471359,0.590859,0.525476,0.567098,0.60085,0.59997,0.371928,0.779513,0.813213,0.817173,0.857185,0.578414,0.795802,0.398162,0.466576,0.517412,0.351071,0.339648,0.277546,0.669928,0.391671,0.506676,-0.102576,0.292573,0.453942,0.389685,-1
0.535811,0.600766,2.115888,3.348072,2.045148,1.441588,0.104841,-0.093578,1.080625,0.994246,0.995553,0.879824,0.728638,-0.359327,-0.864894,-0.70355,-0.893322,-0.999625,-1.089539,-1.071452,-1.080059,-1.333856,-1.374631,-1.498236,-1.510173,-1.582677,-1.821711,-1.691715,-1.82942,-1.86676,-1.96271,-1.931376,-1.737213,-1.874423,-1.658335,-1.206337,-0.988438,-0.673827,-0.313513,0.048131,0.368848,0.563136,0.718508,0.900085,1.047931,1.042964,0.899534,1.027933,1.026368,0.912642,0.623885,0.775808,0.900553,0.516073,0.84117,0.577783,0.534023,0.801157,0.686922,0.580871,0.497626,0.450199,0.52066,0.454953,0.387165,0.304805,0.214457,0.202285,0.247644,0.222965,-0.040042,0.210307,0.100109,0.510428,0.572686,0.485021,1.168158,0.749385,0.044945,-0.066675,-0.084066,-0.044295,-0.216877,-0.190607,-0.155799,-0.345129,-0.162159,-0.047013,-0.439402,-0.334676,-0.188285,-0.255894,-0.1522,-0.244333,-0.348112,-0.282857,1
1.468417,3.253946,3.59951,2.393377,0.417377,1.071454,1.685863,1.572941,1.708876,1.032082,0.053074,-0.508398,-0.472314,-0.705524,-0.78626,-0.943165,-1.063366,-1.168249,-1.155859,-1.29212,-1.419112,-1.485044,-1.627365,-1.802069,-1.870325,-1.972779,-2.073669,-2.054587,-1.92356,-1.761052,-1.564478,-1.173437,-0.646372,-0.299169,0.033867,0.438565,0.557417,0.836841,0.862192,0.863323,0.733738,0.742864,0.712557,0.567989,0.553297,0.639709,0.53078,0.521321,0.487523,0.424753,0.2927,0.414963,0.369652,0.151756,0.189992,0.200833,0.09721,0.037614,0.112539,0.033238,-0.023673,0.050144,0.020956,-0.095083,-0.039961,0.039653,0.030251,-0.130156,0.115556,-0.014237,-0.120208,0.070485,-0.013129,-0.063535,-0.060069,0.201599,0.125605,0.359618,0.486128,0.223192,0.234493,0.282427,-0.135807,-0.187279,-0.109474,-0.205035,-0.116034,-0.17146,-0.153983,-0.258515,-0.087436,-0.068081,-0.10364,-0.102454,-0.021531,0.144794,-1
1.450874,2.557084,1.991877,1.486097,1.735496,1.338377,0.262754,-0.114868,0.197428,0.421806,0.585329,0.623723,0.453771,0.546749,0.547094,-0.025421,-0.399221,-0.364819,-0.447042,-0.49995,-0.514123,-0.69395,-0.804285,-0.718445,-0.638976,-0.724372,-0.885476,-0.929015,-0.866212,-0.874173,-0.969632,-1.013475,-1.053454,-1.14755,-1.157045,-1.137848,-1.214986,-1.278971,-1.308706,-1.326977,-1.301223,-1.300937,-1.313451,-1.349907,-1.415896,-1.382884,-1.41704,-1.453874,-1.130548,-0.843308,-0.79132,-0.514349,-0.225933,-0.138256,0.087944,0.369545,0.475822,0.40274,0.222811,0.159023,0.233517,0.291038,0.316314,0.269567,0.186631,0.189423,0.204362,0.157626,0.111633,0.078061,0.037505,-0.008191,0.010155,0.093522,0.042216,-0.056904,0.043027,0.156749,0.152833,0.144857,0.104502,0.126061,0.201156,0.175099,0.191254,0.217653,0.260972,0.582076,1.084883,1.852132,2.745888,2.819204,2.261334,2.145377,1.859555,0.490487,-1
0.993111,2.704843,3.473342,2.212666,0.453295,0.047793,0.95956,1.19306,1.007462,0.991321,0.5782,-0.019753,-0.489654,-0.442287,-0.58496,-0.444358,-0.366818,-0.4038,-0.61566,-0.833792,-1.025003,-1.201268,-1.376281,-1.413219,-1.487813,-1.793098,-1.854667,-2.073681,-2.086933,-2.007423,-2.152466,-2.0921,-2.031164,-1.883328,-1.572587,-1.305862,-1.002047,-0.533022,-0.100672,0.101656,0.424033,0.652138,0.771691,0.914393,0.804322,0.801273,0.690833,0.610211,0.709127,0.650989,0.625841,0.635027,0.62785,0.677019,0.740587,0.765685,0.757479,0.631371,0.550383,0.570193,0.473032,0.382745,0.399184,0.338218,0.251626,0.236818,0.210198,0.199779,0.195382,0.155632,0.186727,0.15264,0.058321,0.146039,0.343305,0.441687,0.639618,0.643398,0.449768,0.415496,0.240838,0.113124,0.042859,-0.116445,-0.089543,-0.064283,-0.132432,-0.165348,-0.123085,-0.266838,-0.312811,-0.198566,-0.119954,-0.076979,-0.145416,-0.037778,1
0.123776,2.433461,2.762385,2.395963,2.141262,-0.418299,0.516945,0.34634,-0.024069,0.597819,-0.410353,-1.37118,-1.262674,-1.341069,-1.439354,-1.702276,-1.534745,-1.586793,-1.768451,-1.781241,-2.025225,-2.003931,-2.203305,-2.288226,-2.105645,-2.181657,-1.875605,-1.719081,-1.430913,-0.842212,-0.602683,-0.271673,0.043212,0.428435,0.419076,0.509863,0.737115,0.651385,0.507532,0.548402,0.485307,0.4425,0.419503,0.420993,0.444222,0.491484,0.349825,0.444926,0.305438,0.319884,0.341943,0.210741,0.191346,0.356776,0.142627,0.193752,0.305624,0.081876,0.126664,0.094116,0.143801,0.034176,0.142787,0.069115,0.22675,0.041044,0.203274,0.146435,0.096921,0.322415,0.039481,0.281124,0.186553,0.527559,0.309477,0.221191,0.40176,0.761485,0.844027,0.99665,1.021227,0.90252,0.602007,0.471993,0.456481,0.183616,0.217499,0.303166,0.276812,0.228109,0.415092,0.398517,0.137663,0.263634,0.595896,0.387885,-1
1.814836,3.116841,2.709344,2.289351,0.7468,0.343306,1.385177,1.228354,1.205161,1.362961,0.728784,0.162957,-0.008055,-0.223218,-0.43116,-0.483521,-0.546708,-0.856963,-0.95103,-0.939789,-1.07261,-1.360124,-1.341385,-1.405071,-1.715432,-1.759417,-1.884426,-1.950008,-2.183121,-2.177947,-2.152543,-2.096358,-2.051052,-1.802704,-1.467553,-1.223288,-0.786041,-0.388688,-0.070864,0.158719,0.396153,0.600759,0.509872,0.569906,0.682466,0.52126,0.429604,0.360433,0.389696,0.420907,0.38013,0.36077,0.319334,0.396438,0.382826,0.404842,0.587671,0.595002,0.352839,0.594571,0.526926,0.508655,0.542735,0.378608,0.440052,0.331239,0.313595,0.446669,0.430362,0.186321,0.217954,0.162798,0.22911,0.293589,0.393691,0.55408,0.27941,0.282955,0.073871,-0.179604,0.020608,-0.151769,-0.02924,-0.096054,-0.078538,0.166778,0.004344,-0.217328,0.094326,0.100213,-0.150288,0.029411,0.087804,-0.002422,0.266747,0.363398,1
1.168563,1.856335,2.154536,2.321826,1.916437,1.214881,0.526824,0.30919,0.617798,0.765451,0.692024,0.831575,0.858531,0.378713,-0.218829,-0.5476,-0.57829,-0.570362,-0.826426,-1.041823,-0.798971,-0.793394,-1.171601,-1.215111,-1.305476,-1.513732,-1.455836,-1.620763,-1.812048,-1.764016,-2.062772,-2.285914,-2.108239,-2.122486,-2.113154,-1.936966,-1.796073,-1.518059,-1.417002,-1.203201,-0.484195,-0.246992,-0.21486,0.178004,0.153266,0.346523,0.560216,0.431738,0.432928,0.31104,0.465111,0.808429,0.759777,0.550315,0.488852,0.724133,0.750933,0.631006,0.71782,0.619235,0.476297,0.62541,0.647159,0.533587,0.771027,0.808478,0.450944,0.575423,0.704517,0.606222,0.732631,0.614792,0.783284,0.902879,0.581695,0.648031,0.722864,0.544062,0.278447,0.116751,0.126455,0.158567,0.269659,-0.018007,0.013914,0.202452,-0.178015,-0.047374,-0.090093,-0.30913,-0.028713,0.00104,-0.03145,-0.023117,-0.009617,0.041113,1
2.113051,3.239054,2.557642,2.315672,1.003319,0.849663,1.631927,1.424279,1.315852,0.999244,0.207811,-0.421037,-0.465033,-0.604891,-0.647729,-0.818378,-0.900497,-0.89676,-0.944607,-1.083587,-1.203344,-1.225011,-1.327738,-1.52907,-1.604899,-1.670125,-1.883035,-1.913454,-1.965199,-2.061358,-2.013934,-1.986667,-1.792272,-1.580074,-1.329047,-0.896518,-0.552376,-0.260075,0.051494,0.334322,0.527006,0.639822,0.728949,0.742356,0.696896,0.706787,0.618816,0.593083,0.608751,0.56288,0.60347,0.537847,0.518123,0.596297,0.524329,0.506741,0.501232,0.481598,0.477131,0.364484,0.429063,0.418002,0.333077,0.283469,0.263046,0.249608,0.160969,0.194264,0.163298,0.178847,0.07681,0.06274,0.281737,0.440489,0.478799,0.507196,0.355084,0.169249,0.110467,0.021529,-0.085792,-0.130286,-0.116269,-0.180071,-0.16632,-0.142372,-0.112304,-0.083357,-0.158901,-0.062689,-0.057954,-0.153719,-0.102232,-0.110919,0.169336,0.312892,1
-0.194413,-1.100715,-1.321589,-0.814883,-0.340717,-0.384211,-0.623498,-0.642207,-0.552565,-0.583749,-0.674144,-0.708573,-0.734201,-0.767112,-0.740692,-0.697008,-0.73889,-0.845948,-0.900547,-0.889651,-0.883279,-0.929328,-1.013081,-1.115139,-1.214213,-1.280205,-1.290544,-1.29888,-1.408146,-1.591725,-1.684228,-1.619113,-1.557851,-1.614819,-1.686689,-1.648759,-1.552633,-1.459886,-1.318757,-1.124128,-0.983476,-0.917105,-0.76622,-0.435796,-0.062335,0.147459,0.208854,0.299073,0.481501,0.617838,0.652011,0.700569,0.82487,0.921536,0.972881,1.079246,1.17972,1.104355,0.922914,0.868815,0.927042,0.926717,0.883433,0.899891,0.899925,0.844286,0.87548,0.984582,0.911212,0.64469,0.546242,0.748807,0.9048,0.764747,0.567094,0.631149,0.913686,1.159983,1.249989,1.258072,1.293779,1.350243,1.301107,1.088284,0.866833,0.81278,0.854549,0.81905,0.764978,0.876103,1.085902,1.144718,1.021984,0.929827,0.963879,1.014162,-1
0.730594,0.954654,2.789403,3.234419,2.150623,0.907088,0.410946,0.842519,0.990185,0.915881,0.609151,0.250794,-0.427757,-0.731497,-0.675761,-0.926155,-0.943126,-0.998039,-1.025468,-1.109411,-1.270757,-1.180188,-1.413268,-1.528988,-1.47115,-1.698796,-1.661733,-1.745708,-1.947257,-1.937507,-2.097389,-2.095351,-1.855392,-1.846088,-1.777923,-1.202581,-0.752342,-0.499884,-0.037613,0.319367,0.616181,0.749582,0.874241,1.00463,0.894854,0.981497,0.894023,0.691729,0.647982,0.588246,0.668331,0.664252,0.526417,0.54798,0.62125,0.560692,0.495618,0.486453,0.642696,0.512143,0.399217,0.501855,0.449001,0.358821,0.363205,0.361634,0.20058,0.25663,0.354956,0.163413,0.226438,0.14211,0.051816,0.339309,0.245073,0.537029,0.807131,0.636963,0.542416,0.363558,0.380208,0.090905,-0.060213,0.06696,-0.155982,-0.209738,-0.026554,-0.22865,-0.261063,-0.160655,-0.104914,-0.161476,-0.202607,-0.126518,-0.117099,0.058952,1
0.594014,1.153724,2.60517,3.196589,2.06191,0.193309,-0.392157,0.774762,0.744117,0.528286,0.606956,0.075758,-0.162629,-0.757705,-0.826688,-0.904668,-0.864897,-0.927234,-1.082242,-1.017905,-1.015687,-1.216134,-1.355742,-1.360529,-1.50266,-1.678917,-1.743955,-1.817657,-1.964834,-1.991434,-2.145512,-2.092659,-1.887626,-1.926324,-1.707235,-1.420812,-1.245529,-0.888396,-0.477758,-0.099044,0.188987,0.456595,0.683889,0.900098,0.941011,0.949475,0.998933,0.948975,0.827443,0.781734,0.711888,0.648238,0.692625,0.564808,0.4946,0.65126,0.586893,0.392719,0.468093,0.596189,0.483425,0.523066,0.513754,0.433781,0.336615,0.314485,0.416242,0.279718,0.214004,0.266618,0.434743,0.155392,0.212005,0.61498,0.716768,0.873424,0.757275,0.519542,0.546031,0.352201,0.249656,0.196938,0.091654,0.210488,-0.015256,0.095382,0.122058,-0.028834,0.059162,0.06378,0.062518,0.050871,-0.00399,0.054531,0.171639,0.110857,1
2.039433,1.883235,1.909328,2.471534,1.118139,0.044439,0.023782,-0.185463,-0.841229,-1.210844,-1.164963,-1.330567,-1.450542,-1.621442,-1.528552,-1.656476,-1.849928,-1.444445,-1.818147,-1.757509,-1.550021,-2.04862,-2.067422,-1.751436,-1.889907,-1.940167,-1.392395,-1.276523,-0.96958,-0.813537,-0.534089,0.186498,0.188915,0.527859,1.01655,0.986959,1.038135,0.905065,0.773151,1.170509,0.529109,0.657068,0.678129,0.51791,0.541655,0.470908,0.467938,0.599133,0.473879,0.502906,0.659816,0.384133,0.682185,0.756044,0.614358,0.985293,1.058119,0.851574,0.538741,0.902495,0.98809,0.654687,0.583841,0.220251,0.167729,-0.007848,0.047374,-0.131766,-0.060788,0.07716,-0.290657,-0.096476,-0.175595,-0.176838,-0.261485,-0.301702,-0.157694,-0.161055,-0.27518,-0.376187,-0.107325,-0.06468,-0.205236,-0.087677,-0.08638,-0.088806,0.090497,0.058145,0.000351,0.268411,0.559959,0.527454,0.510002,0.677047,1.248648,1.372607,-1
0.467379,0.340104,0.35139,0.809889,1.293428,1.733534,2.162892,2.141487,1.661511,1.120642,0.457838,-0.178024,-0.225247,0.032509,-0.116866,-0.414915,-0.356389,-0.250987,-0.367157,-0.338775,-0.081856,-0.121028,-0.587055,-0.886921,-0.773198,-0.703166,-0.870181,-0.989216,-1.031618,-1.190708,-1.350471,-1.315321,-1.20739,-1.199222,-1.251902,-1.380629,-1.67701,-1.91316,-1.804076,-1.638574,-1.802632,-1.996752,-1.816844,-1.512792,-1.46386,-1.55936,-1.523916,-1.336998,-1.110144,-0.899239,-0.735299,-0.621155,-0.45902,-0.192457,0.054818,0.204284,0.323991,0.41063,0.451746,0.554104,0.711787,0.779127,0.763863,0.777732,0.81778,0.85281,0.868781,0.821223,0.774484,0.81833,0.839643,0.788101,0.829259,0.906106,0.789857,0.592192,0.51037,0.488054,0.5552,0.762944,0.909346,0.96188,1.033029,0.895241,0.543037,0.484042,0.676633,0.594916,0.454012,0.721753,0.98346,0.751507,0.497685,0.719879,0.911419,0.493871,-1
0.642756,1.965222,2.904762,2.339342,0.791561,0.159175,0.925278,1.231481,1.181332,1.36989,0.870524,-0.172457,-0.713747,-0.667879,-0.881542,-0.880561,-0.936768,-1.041558,-1.171179,-1.085912,-1.124883,-1.318607,-1.45012,-1.457362,-1.478582,-1.675387,-1.729011,-2.002013,-2.056365,-2.099921,-2.146893,-2.022834,-2.007153,-2.007381,-1.599669,-1.247713,-1.034253,-0.585009,-0.238004,0.048785,0.273578,0.418827,0.642749,0.683998,0.703198,0.782729,0.75176,0.638802,0.584324,0.669182,0.635407,0.592671,0.629516,0.635886,0.599912,0.517038,0.620388,0.548166,0.590899,0.487099,0.511828,0.512808,0.415238,0.387681,0.320561,0.444728,0.349564,0.353822,0.468677,0.330199,0.405493,0.427922,0.410801,0.589426,0.767845,0.863617,0.620728,0.526104,0.439766,0.13778,0.1135,0.108937,0.130495,0.061248,0.078585,0.077829,0.079985,-0.109072,0.065846,0.108187,-0.04737,-0.098171,-0.021279,0.09269,0.120691,0.349829,1
0.50691,1.637034,3.154765,1.740282,1.81244,0.617191,-1.38489,-0.25467,0.50182,0.153058,-0.075267,0.108837,-0.200015,-0.71552,-0.944383,-0.796281,-0.972951,-1.105869,-1.13038,-1.363782,-1.181059,-1.350292,-1.605202,-1.490685,-1.638847,-1.702831,-1.976122,-1.950113,-1.860538,-2.34278,-1.982379,-1.583217,-1.847053,-1.681999,-1.460829,-1.297685,-0.557929,-0.380967,-0.311404,0.353158,0.315048,0.626217,1.019758,0.813187,1.033834,1.025516,1.032444,1.178754,0.744393,0.817441,0.880877,0.578457,0.788427,0.63661,0.412396,0.618239,0.641904,0.640074,0.489121,0.412012,0.676677,0.523894,0.49947,0.340449,0.36467,0.542176,0.378362,0.460301,0.230097,0.494266,0.334797,0.159809,0.672937,0.775015,0.978585,0.820892,0.557293,0.699782,0.505129,0.306678,0.171121,0.115847,0.131455,0.161026,0.009979,0.108658,0.04893,-0.014351,0.031856,0.13921,0.178265,-0.104423,0.101325,0.211062,0.041466,0.203029,1
0.595919,1.313719,2.746502,4.199145,2.719911,1.715197,0.159299,-0.562745,0.938416,1.018091,0.696942,0.759857,0.747063,0.025409,-0.397479,-0.6926,-0.672638,-0.705927,-0.836984,-0.854103,-1.041632,-0.971792,-1.195901,-1.438547,-1.272336,-1.463325,-1.542421,-1.567081,-1.761653,-1.842825,-1.636683,-1.792005,-1.813844,-1.514102,-1.498346,-1.283437,-1.009268,-0.634078,-0.218755,-0.063673,0.18071,0.402283,0.683229,0.59287,0.940033,0.980852,0.773889,0.875221,0.778366,0.795989,0.683235,0.542142,0.640592,0.509226,0.499289,0.553528,0.475935,0.606633,0.540559,0.523086,0.346626,0.42163,0.398216,0.267463,0.360361,0.297933,0.21546,0.112823,0.23442,0.064902,0.086005,0.115293,0.40376,0.646511,0.534309,0.573515,0.353029,0.26354,0.092058,-0.171753,-0.160702,-0.249407,-0.123601,-0.419083,-0.320223,-0.225638,-0.417177,-0.296454,-0.429341,-0.372864,-0.386887,-0.530917,-0.382052,-0.459819,-0.476622,-0.29427,1
1.221512,3.521577,3.627613,3.076993,2.035697,-0.135928,1.226434,0.744046,0.209379,0.65521,-0.210367,-0.827435,-1.025144,-1.101326,-1.022982,-1.462724,-1.436744,-1.411418,-1.673085,-1.869869,-1.996445,-2.11509,-2.198012,-2.053021,-2.065805,-1.75718,-1.655637,-0.878543,-0.755729,-0.516653,0.099858,0.07772,0.415926,0.424195,0.693219,0.678142,0.478812,0.621658,0.581214,0.249882,0.413742,0.349244,0.344861,0.292181,0.413688,0.091295,0.481297,0.191839,0.324765,-0.054056,0.262747,0.123523,0.029316,0.040024,0.154092,0.140857,-0.126253,0.006263,0.109657,0.031423,-0.032845,-0.005607,-0.044973,0.033774,-0.030622,-0.005987,-0.035923,0.023525,0.010006,0.010864,0.050329,0.046131,0.06747,0.007807,0.109374,0.053045,-0.014841,0.287716,0.664678,0.715397,0.665272,0.795486,0.35689,0.156098,-0.014453,-0.058793,-0.146994,0.092278,0.002871,-0.210046,-0.005915,-0.100023,-0.040721,0.089249,0.09983,0.319198,-1
0.780978,1.340804,1.963279,3.092512,3.720899,3.026452,1.980515,1.008738,-0.088959,-0.241254,0.386238,0.592337,0.655924,0.804927,0.557207,0.302636,0.436664,0.366234,-0.052912,-0.274893,-0.38188,-0.539452,-0.519506,-0.543751,-0.744282,-0.80257,-0.713533,-0.727069,-0.891035,-0.880522,-0.752774,-0.994663,-1.137075,-1.015015,-1.369106,-1.484776,-1.022171,-1.247466,-1.711499,-1.526308,-1.478838,-1.688349,-1.585991,-1.363563,-1.390264,-1.585268,-1.51553,-1.157178,-1.026275,-1.104224,-0.822706,-0.366604,-0.312524,-0.212619,0.203804,0.289476,0.212268,0.39288,0.507414,0.592226,0.761724,0.744149,0.65503,0.713421,0.802466,0.744214,0.564164,0.512187,0.552133,0.499495,0.498201,0.480835,0.325573,0.325383,0.444007,0.429422,0.374727,0.286485,0.210858,0.300701,0.369822,0.280082,0.19298,0.207962,0.246987,0.20076,0.144639,0.18789,0.151923,-0.076789,-0.096129,0.201845,0.217268,-0.176316,-0.235263,0.015158,1
0.289141,0.438514,1.857851,3.17904,1.917669,0.484484,-0.690422,-0.976125,0.300596,0.684567,-0.052811,0.035297,0.305371,-0.794713,-1.226343,-1.070343,-1.195814,-1.24129,-1.060637,-1.257063,-1.320533,-1.295932,-1.402351,-1.584352,-1.682109,-1.673094,-1.953352,-1.977941,-1.907771,-1.660342,-1.966998,-1.935251,-1.646765,-1.751714,-1.427941,-0.939658,-0.774765,-0.405958,-0.021662,0.306529,0.562409,0.605109,0.920621,0.913699,1.195763,1.043836,1.023548,1.15449,0.891387,1.022117,0.84417,0.752189,0.779351,0.682205,0.803094,0.497162,0.628159,0.669519,0.715109,0.663285,0.352051,0.458991,0.706324,0.603348,0.352109,0.230217,0.387317,0.276269,0.415908,0.618185,-0.063744,0.846268,0.897607,0.799579,0.891449,0.723129,1.028677,0.42059,0.300224,0.284476,-0.055719,0.173625,-0.078737,-0.006597,0.017777,-0.074981,0.061269,-0.09679,0.037139,-0.130699,-0.078758,0.217423,-0.06345,-0.053827,0.124253,0.206865,1
-0.022584,0.20521,1.744914,2.32171,1.252388,0.451856,-0.595015,-0.108595,0.539182,0.231456,0.252291,-0.09344,-0.293374,-0.951789,-1.092396,-1.179427,-1.275601,-1.321501,-1.462929,-1.261819,-1.305191,-1.613456,-1.611519,-1.566264,-1.451701,-1.771434,-2.037666,-1.758672,-1.888349,-1.765804,-1.970535,-2.027501,-1.825415,-1.760853,-1.513067,-1.416913,-1.320342,-0.937205,-0.600764,-0.206746,0.008949,0.122708,0.643792,0.570889,0.637457,0.749801,0.816572,0.698202,0.648073,0.769617,0.768499,0.848225,0.633136,0.653979,0.853951,0.763308,0.741118,0.797395,0.846581,0.823377,0.680004,0.794633,0.832364,0.764115,0.666067,0.722689,0.783581,0.51355,0.623065,0.611757,0.589277,0.680371,0.602377,0.768977,0.986979,1.00812,1.031492,0.841822,0.693125,0.683681,0.563721,0.438639,0.390725,0.416632,0.24159,0.270618,0.334262,0.24865,0.395219,0.326832,0.085146,0.156818,0.265491,0.157866,0.189671,0.253309,1
0.187534,-0.276638,-0.308805,-0.270843,-0.730645,-0.178696,-0.404164,-1.315428,-1.04931,-1.172514,-1.225264,-1.266404,-1.577963,-1.518661,-1.622379,-1.789088,-1.67335,-1.958582,-2.170827,-1.89377,-2.118486,-2.148852,-2.092079,-1.917179,-1.379368,-1.39478,-1.224543,-0.703682,-0.515794,-0.370186,-0.00794,-0.060596,0.049118,0.243056,0.179589,0.377735,0.132413,0.122778,0.586856,0.434799,0.277365,0.390864,0.427532,0.541304,0.567435,0.634036,0.61025,0.602487,0.500725,0.609559,0.716316,0.665265,0.700368,0.347678,0.458507,0.739038,0.523617,0.515083,0.417686,0.301995,0.457247,0.288593,0.152563,0.165661,0.221989,0.355363,0.350256,0.237712,0.293227,0.522986,0.62181,0.584803,0.654542,0.79431,0.846354,0.513707,0.26587,0.380715,0.31813,0.350772,0.443504,0.388448,0.51553,0.17508,0.087393,0.416011,0.326656,0.401725,0.691121,1.48048,2.221262,2.622984,2.589185,1.935428,0.834745,-0.030336,-1
0.164558,1.107288,2.146964,1.876423,1.642616,0.421712,-1.347863,-0.574368,0.380851,-0.141128,-0.086251,0.224598,-0.227803,-0.81511,-1.019881,-1.110637,-1.185154,-1.33355,-1.176131,-1.298809,-1.57806,-1.540568,-1.641319,-1.559647,-1.632239,-1.885381,-1.813251,-1.884603,-1.963934,-2.053403,-2.012117,-1.951674,-1.909618,-1.704815,-1.339356,-1.227424,-0.934149,-0.449115,-0.254942,-0.128258,0.178044,0.512852,0.429061,0.78312,0.660741,0.772361,0.940444,0.736592,0.725984,0.670488,0.795683,0.613866,0.549694,0.756679,0.510656,0.536288,0.503668,0.680267,0.879439,0.49186,0.506445,0.712697,0.601076,0.710519,0.675316,0.545878,0.656503,0.563967,0.511067,0.596023,0.463916,0.52364,0.788165,1.129501,1.149452,0.98226,0.894022,0.764151,0.685912,0.413753,0.388349,0.634584,0.313969,0.224092,0.472561,0.184638,0.35553,0.253344,0.119114,0.29623,0.322125,0.263499,0.204502,0.210712,0.397203,0.573049,1
0.416016,1.113953,2.137809,1.979662,0.651616,-0.438816,0.39647,0.959091,0.870908,1.225817,0.393577,-0.426232,-0.66876,-0.875126,-0.917266,-0.926709,-1.047415,-1.087493,-1.104448,-1.403129,-1.485484,-1.594313,-1.860146,-2.046753,-2.179667,-2.335451,-2.592291,-2.519974,-2.563607,-2.437659,-2.183059,-1.722025,-1.182657,-0.851929,-0.298805,0.198691,0.348513,0.583715,0.732795,0.767166,0.787337,0.69327,0.711441,0.585821,0.551436,0.620293,0.546715,0.591471,0.732272,0.635721,0.612287,0.738858,0.650597,0.609376,0.661328,0.655017,0.597535,0.510812,0.545902,0.468088,0.394085,0.520636,0.384814,0.383267,0.429557,0.380675,0.354294,0.25855,0.433317,0.266731,0.276496,0.424848,0.266452,0.224319,0.331743,0.369967,0.561893,0.828783,0.785228,0.501684,0.350567,0.359804,0.234837,0.118084,0.181452,0.10988,0.055478,0.200306,0.152159,0.149699,0.185645,0.214633,0.149117,0.157562,0.351706,0.119573,1
1.159352,2.534403,2.972323,2.089447,0.416264,-0.017382,1.220492,1.221246,1.066033,1.350184,0.681393,0.035639,-0.362039,-0.441509,-0.853152,-0.796413,-0.741986,-0.95344,-1.030616,-0.988442,-1.112634,-1.271121,-1.298739,-1.388436,-1.514467,-1.666573,-1.783951,-1.886546,-2.047451,-2.18381,-2.154476,-2.185706,-2.09369,-1.97385,-1.668144,-1.197418,-0.988785,-0.630666,-0.117649,0.140018,0.343859,0.575233,0.687705,0.748754,0.690037,0.753874,0.774829,0.665287,0.625396,0.645661,0.618509,0.606038,0.639429,0.646455,0.640857,0.553409,0.582478,0.589396,0.616193,0.492295,0.487189,0.488577,0.390595,0.428339,0.423698,0.274192,0.259558,0.373103,0.26054,0.275512,0.307274,0.285282,0.23012,0.18065,0.476716,0.652,0.603534,0.585488,0.61454,0.440675,0.200446,0.168046,-0.016371,0.013379,-0.073255,0.002709,0.047906,-0.089623,-0.068106,-0.012348,-0.011727,-0.079906,-0.051752,-0.054229,-0.081739,0.035595,1
0.954889,2.190534,3.438425,3.306376,2.752043,0.948614,0.100242,1.00805,0.79991,0.669193,0.751644,0.339618,-0.100437,-0.372774,-0.403669,-0.612503,-0.77438,-0.62467,-0.870583,-0.967191,-0.97904,-1.145714,-1.078929,-1.301974,-1.458402,-1.43098,-1.60225,-1.690828,-1.754285,-1.739732,-1.95765,-1.980057,-1.88786,-1.873319,-1.683556,-1.438998,-1.1539,-0.664543,-0.395787,-0.179482,0.375011,0.491104,0.553375,0.773815,0.786546,0.760384,0.779822,0.678363,0.649066,0.628126,0.505395,0.51614,0.509376,0.443094,0.437755,0.508585,0.558391,0.411945,0.505875,0.419696,0.397491,0.428096,0.33317,0.351656,0.241826,0.255731,0.217024,0.080437,0.136144,0.141178,0.16918,0.117192,0.205453,0.501599,0.574904,0.569781,0.456488,0.290582,0.177746,-0.035325,-0.104573,0.063707,-0.006404,-0.295343,-0.108584,-0.097027,-0.178462,-0.205165,-0.124173,-0.118206,-0.289697,-0.219144,-0.190215,-0.320177,-0.064398,0.219602,1
0.261581,0.579821,1.049515,1.987727,2.351593,1.572827,0.940274,0.323731,-0.345937,-0.446606,-0.410082,-0.274811,-0.271006,-0.404674,-0.437972,-0.690193,-0.868515,-0.976837,-1.021383,-0.916562,-1.085155,-1.098103,-0.982834,-1.084102,-0.990174,-1.074644,-1.302969,-1.184541,-1.265271,-1.593467,-1.58804,-1.562162,-1.796088,-1.797918,-1.616042,-1.721767,-1.877635,-1.741577,-1.471459,-1.342381,-1.427867,-1.399179,-1.123032,-0.889078,-0.58593,-0.302531,-0.377707,-0.329703,0.114345,0.273743,0.1751,0.3206,0.478972,0.477302,0.334705,0.258077,0.41822,0.455703,0.563256,0.642289,0.483374,0.597792,0.616075,0.493797,0.549411,0.607337,0.798918,0.693152,0.593968,1.017337,1.096406,1.006672,1.174299,1.265895,1.37948,1.366289,1.134788,1.297186,1.384038,0.990972,1.008358,0.967726,0.543691,0.554922,0.598824,0.633887,0.616128,0.421859,0.600351,0.630785,0.388428,0.465113,0.547754,0.434158,0.587596,0.549788,1
0.543099,1.227348,2.679487,2.857935,1.704816,-0.020583,-0.689325,0.941541,1.106392,1.076069,1.744819,0.779827,-0.217254,-0.931045,-0.693324,-0.681162,-1.085095,-1.243201,-0.958196,-1.271116,-1.32487,-1.387744,-1.386856,-1.589079,-1.697913,-1.265532,-2.039071,-1.823233,-1.743002,-2.141992,-1.647136,-2.062391,-2.029177,-1.229864,-1.372587,-1.086241,-0.689227,-0.371951,0.049285,0.290822,0.698796,0.761113,0.95659,0.88487,1.32547,1.12168,0.857144,0.82838,0.770344,1.053112,0.666609,0.334528,0.576577,0.723047,0.486914,0.43315,0.734766,0.473767,0.56453,0.295043,0.579506,0.500274,0.206825,0.712966,0.336792,0.150798,0.380307,0.186789,-0.00946,0.161135,0.295865,0.007686,0.177109,0.412854,0.26696,0.953726,0.813091,0.251472,0.475924,0.348649,0.216278,-0.16607,-0.177532,0.071613,-0.202676,-0.250249,0.082941,-0.239447,-0.373754,-0.095986,-0.177538,-0.043047,-0.159262,-0.239346,-0.060706,-0.264189,1
0.508719,0.809686,1.552808,1.981687,1.624339,1.362821,1.412139,0.973783,0.193694,-0.263771,-0.336444,-0.18885,-0.132841,-0.336617,-0.425024,-0.289957,-0.298976,-0.467447,-0.578004,-0.699521,-0.861832,-0.866052,-0.775109,-0.837789,-0.892238,-0.827369,-0.937493,-1.088633,-0.99066,-0.962439,-1.11482,-1.186061,-1.278078,-1.37668,-1.322707,-1.394887,-1.638542,-1.676847,-1.546398,-1.494518,-1.441641,-1.34265,-1.324308,-1.297978,-1.148522,-1.049354,-0.981991,-0.691825,-0.433981,-0.574376,-0.639005,-0.119748,0.351239,0.185628,0.102834,0.486002,0.574073,0.403974,0.534536,0.586754,0.521812,0.721755,0.684858,0.351602,0.437251,0.71485,0.692021,0.607077,0.604009,0.652742,0.725145,0.687305,0.718208,0.875496,0.844466,0.849138,1.15518,1.269643,1.097906,1.179465,1.398135,1.37286,1.478332,1.796733,1.438325,0.692516,0.930923,1.497244,1.196655,0.857102,0.705114,0.137718,-0.332592,-0.970796,-1.862314,-1.238622,-1
-0.174335,1.352868,2.691551,1.663739,1.683404,0.531175,-1.353708,-0.184066,0.453166,-0.197599,0.09404,0.445899,-0.31479,-1.164746,-0.997627,-1.175502,-1.155586,-1.235732,-1.404611,-1.385224,-1.404787,-1.333724,-1.427484,-1.647572,-1.79936,-1.841086,-1.82546,-1.791092,-1.824239,-2.002839,-2.009787,-1.730055,-1.737559,-1.663975,-1.460528,-1.140716,-0.985027,-0.616588,-0.113348,-0.117085,0.23537,0.426622,0.488682,0.656378,1.005138,0.91309,0.772859,0.9666,0.87115,0.750995,0.698876,0.645894,0.652456,0.641199,0.677832,0.620337,0.689755,0.674149,0.656118,0.685023,0.730642,0.669336,0.663556,0.671146,0.636685,0.710598,0.684157,0.540022,0.451125,0.58766,0.505505,0.4531,0.772917,0.893612,0.902604,0.970007,0.952588,0.603839,0.595554,0.613782,0.239005,0.305049,0.279298,0.222918,0.014129,0.295546,0.332736,0.015243,0.311506,0.183217,0.098611,0.137089,0.132262,0.253205,0.019005,0.12422,1
0.54279,2.06405,2.805971,1.559471,0.158671,-0.704911,-0.023513,0.578096,0.418335,0.537469,0.110324,-0.187621,-0.462966,-0.678487,-0.6666,-0.727207,-0.772098,-0.881305,-0.849694,-1.267752,-1.219541,-1.133839,-1.427944,-1.564264,-1.821613,-1.748522,-1.929045,-2.135544,-2.246393,-2.215648,-2.151094,-2.331228,-1.941419,-1.542539,-1.392594,-0.940516,-0.622627,-0.144316,0.328563,0.569865,0.999136,0.967862,0.833336,1.220437,1.075924,0.955401,1.0877,0.862716,0.736446,0.85794,0.781048,0.84238,0.812687,0.654575,1.01223,0.852688,0.613527,0.830375,0.746485,0.558075,0.734109,0.716169,0.657066,0.583632,0.630827,0.593981,0.414792,0.615736,0.485154,0.436249,0.441663,0.352733,0.402256,0.320679,0.701777,0.593954,0.702734,0.657884,0.02778,0.208967,0.068265,-0.117988,-0.105018,-0.090652,-0.187479,-0.130784,-0.120559,-0.09031,-0.121181,-0.247963,-0.014805,-0.031834,-0.16429,-0.063093,-0.106026,0.001843,1
0.566884,0.592768,2.150568,3.301965,1.758226,-0.109592,-1.399465,-0.599413,0.236264,0.182997,-0.109137,-0.372019,0.101761,-0.910475,-1.024506,-1.011914,-1.154376,-1.290183,-1.273099,-1.159302,-1.299877,-1.599559,-1.479153,-1.40468,-1.671489,-1.611766,-1.900671,-2.039706,-1.847429,-2.018799,-2.055887,-1.58115,-1.730793,-1.61917,-1.797786,-0.572504,-0.362238,-0.432578,0.277594,-0.174725,1.022647,0.623048,1.062159,1.13612,0.915922,0.953718,0.781107,0.95437,0.498875,0.823145,0.760741,0.509694,0.698276,0.190787,0.73331,0.3012,0.380082,0.854311,0.461706,0.225235,0.39193,0.537716,0.465549,0.334607,0.315631,0.331414,0.252758,0.422465,0.337338,0.023033,0.481806,0.07166,0.38076,0.91484,0.65785,0.897678,0.961192,0.750309,0.440269,0.392892,0.427091,0.159156,0.289515,0.1222,0.156071,0.433539,0.487831,0.19882,0.058044,0.422921,0.443919,0.227256,0.511629,0.35541,0.309718,0.593142,1
0.789228,2.0528,3.61153,3.81773,2.46579,0.697775,-0.766283,0.379669,0.764039,0.257734,0.530113,0.199019,0.350278,-0.312424,-0.320418,-0.461882,-0.555454,-0.667192,-0.749465,-0.885046,-0.980849,-1.063113,-1.049543,-1.125052,-1.517964,-1.480878,-1.510105,-1.647755,-1.75775,-1.80272,-1.792312,-1.868779,-1.703531,-1.577858,-1.332734,-1.142838,-0.981067,-0.240343,-0.146569,0.034652,0.607216,0.480343,0.880519,0.83146,0.881945,1.055071,1.005173,0.928352,0.822098,0.837634,0.793313,0.646072,0.582519,0.652384,0.522806,0.473843,0.561956,0.583315,0.528557,0.406363,0.499389,0.417381,0.424875,0.36774,0.338712,0.319589,0.04983,0.362995,0.307376,0.003618,0.033593,-0.000223,0.150167,0.387586,0.348191,0.443689,0.468415,0.43036,0.146044,-0.141663,-0.08811,-0.235761,-0.377008,-0.527538,-0.273224,-0.319138,-0.487958,-0.42076,-0.396894,-0.443961,-0.472415,-0.37749,-0.345073,-0.341795,-0.449122,-0.392787,1
0.068847,0.808845,2.607959,3.640298,2.093297,0.426041,-0.956752,-0.451701,0.296883,0.433011,0.353091,-0.336039,0.147402,-0.673659,-0.916815,-0.901281,-0.993105,-0.935814,-1.237242,-1.127301,-1.282654,-1.547428,-1.42922,-1.433721,-1.453951,-1.829015,-1.981917,-1.877888,-2.059942,-1.953765,-1.824829,-1.979339,-1.283667,-1.426437,-1.478069,-0.787449,-0.603581,-0.249786,-0.022741,0.398477,0.67979,0.738416,1.077952,0.966268,0.990122,1.160162,1.015825,0.942814,0.863698,0.757269,0.575391,0.660739,0.883357,0.579937,0.549368,0.756273,0.527758,0.505166,0.627762,0.642416,0.611298,0.510073,0.444916,0.567724,0.411046,0.356705,0.483128,0.371721,0.406204,0.16769,0.320645,0.36711,0.447632,0.841984,0.897232,0.64747,0.474287,0.336513,0.281502,0.123205,-0.057564,0.010401,-0.017934,-0.176285,-0.233774,0.296826,-0.108954,-0.169384,-0.055744,-0.105168,0.018623,-0.162311,-0.089595,-0.071969,0.03869,0.076533,1
0.927565,1.265333,2.694737,3.920299,2.622541,1.578912,0.322936,0.033836,1.321523,1.422892,1.02306,1.199682,1.108768,0.027013,-0.44295,-0.510689,-0.562877,-0.705421,-0.750278,-0.890629,-0.842074,-0.836515,-1.181853,-1.18279,-1.131729,-1.284047,-1.516467,-1.695816,-1.696551,-1.792531,-1.897622,-1.877166,-1.77124,-1.662964,-1.537158,-1.290956,-1.01822,-0.707049,-0.554553,-0.210212,0.230407,0.205462,0.445852,0.606197,0.746929,0.726454,0.825639,0.989298,0.796146,0.638087,0.60042,0.752383,0.711557,0.462135,0.480552,0.609951,0.710687,0.412618,0.455356,0.582111,0.446165,0.424904,0.384999,0.378257,0.360841,0.373229,0.200373,0.077667,0.222768,0.068981,0.06495,-0.065662,0.177378,0.402204,0.367161,0.542286,0.386472,0.246749,0.067658,-0.164592,-0.141528,-0.405963,-0.393213,-0.330641,-0.576497,-0.407211,-0.354367,-0.580972,-0.399753,-0.487126,-0.540876,-0.408693,-0.567903,-0.471686,-0.443794,-0.359546,1
0.342638,0.882263,1.642606,1.962923,1.774101,1.643331,1.245917,0.561809,-0.032995,-0.34645,-0.118608,-0.05268,-0.408535,-0.266702,-0.068462,-0.299021,-0.432111,-0.640489,-0.920193,-0.950607,-0.975779,-1.075211,-1.134847,-1.16795,-1.190909,-1.259346,-1.365662,-1.433925,-1.511799,-1.639218,-1.674512,-1.692893,-1.821374,-1.841565,-1.790643,-1.877467,-1.898985,-1.779023,-1.707647,-1.575846,-1.308812,-1.142857,-1.026722,-0.748485,-0.459055,-0.285409,-0.162078,-0.151068,-0.138613,0.110336,0.268457,0.19691,0.341591,0.473356,0.37149,0.465783,0.540895,0.36441,0.265279,0.330288,0.432677,0.287579,0.100555,0.303066,0.39592,0.274632,0.394204,0.429139,0.339625,0.546745,0.822032,0.896851,0.955367,1.064654,1.142418,1.207918,1.209656,1.170142,1.10386,0.895643,0.804372,0.875872,0.806036,0.832048,0.944849,0.847505,0.805868,0.841872,0.750779,0.775697,0.893917,0.738483,0.559576,0.749288,0.90113,0.490195,1
1.210634,2.003313,1.745602,1.475794,0.198871,0.106531,1.017301,0.817428,0.998335,0.821595,-0.299001,-0.676854,-0.682353,-0.962813,-0.972132,-1.002321,-1.099289,-1.052676,-1.260425,-1.32821,-1.3952,-1.548023,-1.707626,-1.947258,-2.077274,-2.228711,-2.315668,-2.476524,-2.549976,-2.383285,-2.190772,-2.02272,-1.550224,-1.134703,-0.719651,-0.22868,0.108052,0.322133,0.494576,0.666503,0.661583,0.633793,0.558315,0.534853,0.482139,0.388603,0.399412,0.393937,0.396907,0.421661,0.380752,0.466932,0.484185,0.469306,0.558599,0.458226,0.4783,0.476968,0.492551,0.42788,0.491649,0.419938,0.380635,0.44768,0.366126,0.328535,0.315341,0.444439,0.38678,0.356754,0.443682,0.429941,0.473995,0.637197,0.786688,1.049127,0.87613,0.634689,0.645613,0.464733,0.463336,0.424371,0.262184,0.225352,0.342046,0.364366,0.258361,0.217934,0.2691,0.338193,0.294351,0.227055,0.408318,0.357255,0.617198,0.811708,1
0.593136,0.802509,0.067022,0.052161,-0.121679,-0.262023,-0.339942,-1.00624,-0.598987,-0.529705,-1.185612,-1.005318,-0.898769,-1.091762,-1.407201,-1.429305,-1.625042,-1.573312,-1.919226,-1.74836,-1.805791,-1.897161,-1.729343,-2.269179,-1.784916,-1.746026,-1.747548,-0.729988,-0.84418,-0.426725,-0.266338,-0.079507,1.177334,0.733476,0.650126,1.178774,1.079006,0.941149,1.089587,1.117087,0.814799,1.34281,0.605019,0.872742,0.512319,0.724904,1.088469,0.774108,0.708706,0.791533,0.709913,0.489966,0.789939,0.501267,0.645516,0.766402,0.154915,0.415647,0.314238,0.420522,0.323424,0.278223,-0.090264,0.08286,0.535259,0.247576,0.561399,0.309526,0.272716,0.218107,0.273935,-0.017905,-0.138921,-0.210144,-0.113751,0.093109,-0.42413,-0.18866,0.048308,-0.665211,-0.304843,0.004876,-0.41412,-0.196767,-0.179183,-0.513763,-0.413979,0.108724,-0.023326,1.223376,3.047309,2.402594,2.435756,1.276693,-0.797844,0.093127,1
0.703709,2.132985,3.559618,3.363356,2.640143,1.260467,-0.490607,-0.090413,0.539447,0.254317,0.341556,0.347245,0.280739,-0.058395,-0.692865,-0.89371,-0.50979,-0.856621,-0.884521,-0.938225,-1.256869,-1.065784,-1.276098,-1.285133,-1.480517,-1.612887,-1.495517,-2.052898,-1.641694,-1.738472,-1.894876,-1.729625,-2.102652,-1.39892,-1.116141,-1.382559,-1.000916,-0.451164,-0.11216,-0.125441,0.384305,0.522681,0.640228,0.836798,0.913349,0.973744,0.855057,0.916832,0.789536,0.815996,0.764571,0.49983,0.65677,0.57289,0.614842,0.540896,0.390776,0.477981,0.37672,0.566134,0.324026,0.244785,0.439701,0.237773,0.255664,0.284756,0.345404,0.153798,-0.07881,0.224591,0.293752,-0.082837,0.059071,0.373415,0.76557,0.427003,0.527567,0.505783,0.131543,0.129506,-0.150995,0.126733,-0.234283,-0.292176,-0.264706,-0.096006,-0.184226,-0.190903,-0.14322,-0.243677,-0.045045,-0.20657,-0.21479,-0.204439,-0.259473,0.143672,1
2.166716,2.284215,1.785492,1.923239,2.224386,1.690738,0.592799,-0.198141,-0.434265,-0.459578,-0.565033,-0.71309,-0.759615,-0.799381,-0.956211,-1.061581,-1.010332,-0.965592,-1.013949,-1.106594,-1.221779,-1.307017,-1.282584,-1.249933,-1.327246,-1.42591,-1.476784,-1.519697,-1.545007,-1.545706,-1.529888,-1.544104,-1.632833,-1.623517,-1.469414,-1.415632,-1.422046,-1.308921,-1.146361,-0.930818,-0.674933,-0.51149,-0.336275,-0.066463,0.136388,0.263257,0.439548,0.62767,0.748256,0.8321,0.899686,0.969958,1.067678,1.049788,0.930975,0.996173,1.162924,1.217458,1.260423,1.220679,1.066546,1.037405,1.028097,0.876337,0.718325,0.566461,0.442317,0.427976,0.409835,0.360887,0.351489,0.320146,0.281167,0.306487,0.304559,0.23258,0.232213,0.27865,0.221461,0.197719,0.306781,0.340479,0.257224,0.159486,0.082377,0.132717,0.251383,0.244088,0.152671,0.081487,0.100389,0.228723,0.2539,0.137944,0.199306,0.477562,-1
0.918996,1.068825,0.982722,1.520153,2.310354,2.30795,1.754443,1.513566,1.318105,0.671612,0.062202,-0.055991,0.058748,0.030199,-0.207137,-0.31797,-0.186785,-0.220706,-0.305895,-0.113041,-0.218372,-0.741261,-0.810727,-0.568702,-0.762141,-1.034769,-0.999507,-0.9867,-1.067071,-1.134665,-1.224346,-1.268287,-1.335924,-1.471531,-1.494852,-1.571391,-1.86266,-1.950445,-1.748601,-1.705411,-1.80335,-1.772357,-1.690084,-1.629546,-1.575159,-1.534402,-1.385981,-1.142193,-0.93928,-0.67225,-0.365134,-0.264308,-0.240731,-0.05092,0.171036,0.326758,0.503618,0.616885,0.586083,0.583917,0.665619,0.641496,0.573761,0.685577,0.782334,0.661286,0.606563,0.709742,0.739928,0.759588,0.810703,0.720061,0.598379,0.610226,0.659953,0.665779,0.538869,0.309144,0.345122,0.711443,0.940777,0.878438,0.810393,0.812046,0.74804,0.607648,0.509243,0.53016,0.554206,0.495209,0.517793,0.62778,0.634059,0.634131,0.64785,0.381062,-1
1.397109,2.288583,2.434042,2.354567,2.322563,1.98343,1.310274,0.648079,-0.017223,-0.510813,-0.360407,-0.094297,-0.422893,-0.599536,-0.156528,-0.01468,-0.313246,-0.436949,-0.653249,-0.961357,-0.799077,-0.636792,-0.953545,-1.10252,-1.003966,-1.173997,-1.237033,-0.948789,-0.928233,-1.225554,-1.360372,-1.377825,-1.431555,-1.483642,-1.602381,-1.661976,-1.526913,-1.546735,-1.813702,-1.843822,-1.612458,-1.542054,-1.547505,-1.319313,-0.986736,-0.774358,-0.643218,-0.519826,-0.41192,-0.272265,-0.056058,0.137966,0.231006,0.316264,0.410624,0.433637,0.492595,0.599992,0.553456,0.518796,0.685888,0.674083,0.448797,0.510027,0.657052,0.455006,0.317115,0.469511,0.455647,0.311998,0.395546,0.507228,0.459703,0.46915,0.551158,0.51315,0.41826,0.417033,0.467111,0.556021,0.788618,1.015674,0.923119,0.692489,0.721543,0.827635,0.728567,0.632874,0.673498,0.756553,0.853343,0.75986,0.493226,0.581699,0.836668,0.427485,-1
0.992927,2.322843,2.350584,2.580396,2.635011,1.467424,-0.128954,-0.907389,-1.014401,-1.318768,-1.330902,-1.27286,-1.316799,-1.55664,-1.338467,-1.509248,-1.584807,-1.653053,-1.948943,-1.848355,-1.8435,-1.849749,-1.782438,-1.666074,-1.542015,-1.20423,-0.931476,-0.591653,-0.297575,-0.157724,0.56933,0.247289,0.93646,0.5076,1.130366,0.636446,0.743463,0.659232,0.592011,0.468528,0.29239,0.638524,0.357348,0.377386,0.366201,0.320365,0.357638,0.324805,0.135413,0.249386,0.258776,0.112926,0.170716,0.109998,0.049029,0.089261,0.128389,0.1296,0.002582,0.09325,0.133126,-0.106523,0.008099,0.038201,-0.110823,-0.120416,-0.111785,0.049726,0.088461,0.263638,0.530912,0.163039,0.274377,0.023396,0.107349,-0.157199,-0.107253,0.043185,-0.097838,0.016613,-0.054094,-0.286761,-0.108166,-0.089246,-0.20701,-0.012786,-0.184078,-0.290553,-0.103901,0.038109,0.39968,2.006723,2.259369,2.07866,0.981339,-0.16344,-1
0.597829,1.257428,2.758496,4.086991,2.452211,0.816636,-0.776343,-0.503964,0.587363,0.181733,0.113806,-0.019753,0.302572,-0.357189,-0.722126,-0.734697,-1.018111,-0.684829,-0.925433,-1.10365,-1.260554,-1.017275,-1.180842,-1.72599,-1.432395,-1.968287,-1.594134,-1.478636,-2.351513,-1.750178,-1.962274,-1.871484,-1.580711,-1.55563,-1.189815,-1.020525,-0.408167,-0.093372,0.267257,0.45376,0.340828,1.066527,1.042915,0.842109,0.940172,0.983939,0.976999,0.815873,0.7779,0.818607,0.472303,0.546074,0.711328,0.345454,0.590419,0.456537,0.370545,0.851787,0.222743,0.398406,0.284601,0.497365,0.701204,0.075299,0.350712,0.258752,0.230561,0.288776,0.077367,0.236897,0.16692,-0.069638,0.337118,0.615412,0.586991,0.711235,0.637116,0.542945,0.349567,0.16303,-0.045173,-0.166413,0.105939,-0.156976,-0.026205,-0.063728,-0.370074,-0.074982,-0.213822,-0.132811,-0.216828,-0.346576,-0.014023,-0.184166,-0.176845,-0.11922,1
0.98308,0.841069,1.968287,3.095506,2.367695,1.231601,0.095507,0.73456,0.557045,0.148761,-0.046505,-0.259523,0.077755,-0.721061,-0.561298,-0.685558,-0.863073,-0.916327,-1.058339,-1.324611,-1.484375,-1.803901,-1.963664,-2.229937,-2.531712,-2.602717,-2.531712,-2.567215,-2.496209,-2.070173,-1.697392,-1.289108,-0.934079,-0.437038,-0.09976,-0.09976,0.361779,0.521542,0.645802,0.273021,0.503791,0.308524,0.432785,0.361779,0.37953,0.290773,0.539293,0.308524,0.628051,0.574796,0.610299,0.574796,0.25527,0.610299,0.344027,0.574796,0.415033,0.219767,0.273021,0.557045,0.308524,0.25527,0.290773,0.273021,0.503791,0.184264,0.308524,0.237518,0.060004,0.166513,0.202015,-0.064257,0.219767,0.184264,0.202015,0.095507,-0.170765,0.503791,0.184264,0.184264,0.113258,0.326276,0.25527,0.25527,0.539293,0.308524,0.592548,0.574796,0.344027,0.450536,0.397282,0.486039,0.326276,0.290773,0.486039,0.73456,-1
1.308456,2.532675,2.567247,1.131727,-0.042169,0.556793,1.134173,0.90655,1.064072,0.483582,-0.333102,-0.306492,-0.64863,-0.79981,-0.814631,-0.882005,-1.002864,-1.245658,-1.216542,-1.260833,-1.692444,-1.6719,-1.898028,-2.16986,-2.185231,-2.48294,-2.429777,-2.475527,-2.256271,-1.925009,-1.582868,-1.112299,-0.628684,-0.197587,0.074203,0.244539,0.512976,0.705155,0.553883,0.566634,0.769924,0.501837,0.425626,0.687196,0.503317,0.564069,0.605736,0.57315,0.61751,0.585752,0.530469,0.553883,0.699729,0.509419,0.434743,0.508505,0.451747,0.411384,0.326029,0.438771,0.34449,0.221022,0.18236,0.296404,0.195745,0.08223,0.251616,0.061732,0.116089,0.044929,0.222059,0.479386,0.486132,0.536001,0.350843,0.26337,0.050237,-0.024589,-0.04024,-0.081722,0.017325,-0.184965,0.020527,-0.041323,0.050318,0.044883,-0.131496,-0.033368,0.097154,0.080609,0.418169,1.475681,2.175542,0.825158,-0.540976,-0.091632,1
0.556866,0.818284,0.967844,1.340492,1.931744,2.366176,2.337553,1.89982,1.369064,0.899705,0.361144,-0.176984,-0.34963,-0.180126,-0.137353,-0.313813,-0.395196,-0.344659,-0.313546,-0.278899,-0.278841,-0.433794,-0.594971,-0.621177,-0.679394,-0.817019,-0.860139,-0.843161,-0.895598,-0.921223,-0.88929,-0.964831,-1.114248,-1.162087,-1.157727,-1.223305,-1.340703,-1.486259,-1.62752,-1.646946,-1.559166,-1.540676,-1.610775,-1.627984,-1.600367,-1.635074,-1.649804,-1.47202,-1.175917,-1.004954,-0.970299,-0.880951,-0.732016,-0.63995,-0.525092,-0.28097,-0.062384,-0.02195,-0.019032,0.103831,0.243796,0.237868,0.156501,0.190932,0.353071,0.501563,0.544184,0.488432,0.442932,0.547236,0.718455,0.70816,0.579329,0.628764,0.79178,0.76626,0.610057,0.60153,0.754656,0.904161,1.021357,1.107959,1.06233,0.893309,0.799846,0.838401,0.81935,0.70345,0.743092,1.005673,1.164749,1.065857,1.047041,1.269454,1.224342,0.569424,-1
0.735438,1.869975,2.237834,1.395728,0.211073,-1.482391,-1.047214,0.15702,-0.221233,0.019547,0.053035,-0.163314,-0.366896,-0.957367,-1.103912,-1.340855,-1.037034,-1.284274,-1.364132,-1.279188,-1.400228,-1.408033,-1.469278,-1.691867,-1.678215,-1.467332,-1.82449,-1.906804,-1.929894,-1.712726,-1.894724,-1.937577,-1.638017,-1.744498,-1.432989,-1.287199,-1.215843,-0.684932,-0.370724,-0.234531,-0.086409,0.273938,0.381042,0.653954,0.519859,0.677032,0.891868,0.769126,0.698658,0.774911,0.84246,0.704446,0.727424,0.596318,0.645633,0.864592,0.665246,0.623935,0.471207,0.822905,0.870452,0.528404,0.701671,0.760797,0.664049,0.657849,0.658262,0.752229,0.67946,0.496654,0.705674,0.49551,0.881768,0.955247,1.10161,1.225435,0.85129,1.011174,0.662936,0.545215,0.771431,0.373831,0.364601,0.375652,0.40421,0.454846,0.241591,0.3437,0.333254,0.340256,0.450085,0.208595,0.291814,0.484052,0.440916,0.295399,1
0.41501,0.673677,1.919107,3.216268,2.889493,2.650983,1.216041,-0.221937,0.310576,0.410786,-0.041293,-0.229715,0.101393,-0.101647,-0.775071,-0.3689,-0.596241,-0.959124,-0.856701,-0.992418,-1.088885,-1.041714,-1.104777,-1.259551,-1.332348,-1.433587,-1.587822,-1.636328,-1.580984,-1.88497,-1.850211,-1.560502,-2.158692,-1.894987,-1.588664,-1.773462,-1.45006,-1.262174,-0.665213,-0.178225,0.036123,0.416544,0.548315,0.668365,0.772968,0.871757,1.02277,1.063915,0.872776,0.670653,1.043204,0.847606,0.495116,0.765667,0.559188,0.674798,0.59264,0.492021,0.709144,0.621534,0.490308,0.54992,0.659182,0.495475,0.549394,0.40262,0.208184,0.557792,0.26728,0.27608,0.315855,0.108031,0.162471,0.232011,0.617035,0.685546,0.542231,0.595289,0.267953,0.206686,0.027908,-0.175753,0.194381,-0.097093,-0.32245,-0.002194,0.052543,-0.096648,-0.322241,-0.194787,-0.20157,-0.246776,-0.176619,-0.419867,-0.252878,-0.02753,1
0.437071,0.182741,-0.388576,-1.076313,-1.247922,-0.730826,-0.177952,-0.112469,-0.236926,-0.101543,0.066372,-0.149237,-0.573925,-0.712006,-0.540225,-0.415914,-0.489675,-0.614133,-0.725574,-0.866293,-0.995173,-1.019749,-0.995173,-1.038011,-1.163672,-1.291056,-1.399571,-1.500521,-1.60177,-1.709941,-1.83767,-1.92082,-1.871369,-1.729168,-1.65232,-1.668824,-1.63547,-1.481473,-1.332172,-1.259456,-1.146823,-0.91981,-0.742424,-0.755507,-0.809824,-0.626791,-0.203227,0.180671,0.319121,0.333518,0.437071,0.621314,0.68982,0.629387,0.65612,0.884334,1.111068,1.136726,1.043668,1.024092,1.043668,0.955517,0.790919,0.751103,0.892019,1.049693,1.060518,0.966376,0.908869,0.931439,0.942569,0.886226,0.841469,0.899074,1.009968,1.053271,1.009968,0.97006,0.993118,1.046124,1.060518,0.986712,0.841469,0.731809,0.757219,0.854101,0.858319,0.763437,0.757219,0.923777,1.094218,1.103963,1.026818,1.005298,1.009968,0.93739,-1
1.22592,1.85085,2.829422,3.263266,2.160033,1.347249,0.6058,-0.755815,-0.842145,-0.020085,-0.257511,-0.458006,-0.201908,-0.320524,-0.330164,-0.286784,-0.384129,-0.457394,-0.793931,-0.977113,-0.645423,-0.757326,-1.051137,-0.970991,-1.205998,-1.383506,-1.244474,-1.314234,-1.477348,-1.671461,-1.735291,-1.610633,-1.734166,-1.951624,-1.790103,-1.619765,-1.660812,-1.533753,-1.323347,-1.221409,-1.046124,-0.687455,-0.375343,-0.295424,-0.143246,0.129813,0.284521,0.364611,0.404892,0.405485,0.404202,0.356924,0.36217,0.440922,0.377491,0.344219,0.389233,0.181166,0.121408,0.209076,0.073102,0.127917,0.20967,0.108417,0.096872,0.253693,0.628395,0.778613,0.707466,0.765602,0.695422,0.737059,1.000056,1.112517,1.149605,1.266928,1.422627,1.307377,1.030095,0.897607,0.629406,0.466985,0.560968,0.469512,0.437763,0.538593,0.383591,0.195778,0.170583,0.103255,0.134424,0.209057,0.060733,-0.11546,-0.113105,-0.023894,1
0.581277,0.876188,1.042767,1.79612,2.541399,2.246653,1.500387,1.031521,0.382672,-0.197561,-0.169938,0.011444,-0.014047,-0.076611,-0.060981,0.09162,0.224723,-0.013561,-0.476781,-0.65885,-0.674972,-0.832898,-0.850541,-0.737077,-0.808637,-0.870819,-0.893871,-1.053572,-1.164487,-1.186889,-1.171606,-1.13029,-1.280472,-1.457825,-1.453798,-1.560752,-1.714101,-1.740958,-1.876972,-1.975246,-1.849809,-1.85447,-1.939888,-1.646719,-1.257235,-1.249801,-1.21513,-0.926867,-0.768457,-0.542594,-0.205041,-0.141968,0.032076,0.380844,0.447768,0.532237,0.623532,0.512156,0.688791,0.94772,0.827412,0.729604,0.7112,0.570643,0.598944,0.764949,0.719343,0.563323,0.517305,0.498195,0.504544,0.591249,0.562379,0.447038,0.452398,0.4407,0.449134,0.657936,0.771284,0.68832,0.760576,0.951067,0.951675,0.869962,0.96021,1.070311,1.00277,0.907869,0.916457,0.923975,0.767357,0.656223,0.762357,0.501373,-0.333336,-0.524546,1
2.689017,2.708703,2.008381,2.2358,1.516982,0.029916,-0.561346,-0.793702,-0.979371,-1.288162,-1.178131,-1.389989,-1.384316,-1.479919,-1.617465,-1.6068,-1.707307,-1.833382,-1.751167,-1.883754,-1.91339,-1.998631,-1.843806,-1.930836,-1.733986,-1.57872,-1.368667,-1.066986,-0.686882,-0.382549,0.005838,0.286448,0.564348,0.763883,0.924309,1.176783,1.019592,1.056547,0.974529,0.972086,0.79757,0.805325,0.781013,0.793974,0.645138,0.666089,0.63825,0.600229,0.518067,0.646371,0.512118,0.47816,0.341866,0.401038,0.409393,0.304712,0.25777,0.387559,0.250755,0.260461,0.117192,0.13005,0.306629,0.093103,0.093169,0.069559,0.217294,0.064019,0.19103,0.080115,0.123765,0.164131,0.245517,0.598562,0.785952,0.632892,0.601114,0.396554,0.184871,0.239439,0.04878,0.014701,0.056774,-0.159521,-0.022906,-0.1374,-0.13661,-0.072176,-0.082738,-0.138468,-0.120396,-0.089411,-0.243141,-0.11971,0.124042,0.273463,-1
0.197677,0.455417,0.97311,1.935956,2.259463,1.741341,1.158296,0.418241,-0.071605,-0.24125,-0.243478,-0.263902,-0.621656,-0.418716,-0.188502,-0.623142,-0.93579,-1.117823,-1.245035,-1.327768,-1.354321,-1.26186,-1.280882,-1.367876,-1.509392,-1.748995,-1.691137,-1.575437,-1.834501,-1.847968,-1.774686,-2.059572,-2.179838,-2.021338,-1.799725,-1.58947,-1.45067,-1.292907,-1.036169,-0.729064,-0.415319,-0.202843,0.000305,0.215112,0.295563,0.405038,0.455402,0.54208,0.736765,0.671499,0.637183,0.779346,0.678129,0.557367,0.634623,0.57044,0.466186,0.484099,0.468112,0.434148,0.43444,0.468845,0.437875,0.464744,0.529423,0.505021,0.595805,0.606654,0.578332,0.657457,0.660664,0.804206,0.950174,0.866321,1.001497,1.266776,1.261269,1.262186,1.199633,0.943059,0.833524,0.691573,0.418308,0.426017,0.578058,0.58023,0.482452,0.325569,0.247991,0.184127,0.050358,0.241988,0.331451,-0.120006,0.042423,0.343293,-1
0.1795,1.038409,1.946421,2.705141,1.670706,-0.101167,-1.578876,-0.750906,0.17531,0.064901,0.443132,0.034639,0.009543,-0.539524,-0.770374,-0.864598,-1.216904,-1.12207,-1.297051,-1.056245,-1.268446,-1.492731,-1.499857,-1.642974,-1.511123,-1.840932,-1.592642,-1.765328,-2.078231,-1.801961,-2.029962,-2.019809,-1.985586,-1.724461,-1.656407,-1.54225,-1.11003,-0.718238,-0.300933,-0.232943,0.303593,0.463983,0.497064,0.86969,0.931482,0.776606,0.957227,0.842707,0.599979,0.83158,0.489514,0.374498,0.725806,0.564274,0.660958,0.524051,0.466719,0.617062,0.684901,0.461434,0.50701,0.542802,0.531181,0.730128,0.774075,0.551152,0.417327,0.581276,0.494547,0.492442,0.487352,0.461255,0.64846,0.998792,0.962698,1.042193,0.758785,0.613773,0.739696,0.419647,0.586495,0.344659,0.207503,0.52698,0.272584,0.34841,0.324323,0.330489,0.111953,0.448948,0.567132,0.136757,0.444768,0.15105,0.193378,0.451709,1
0.073124,0.776054,2.181336,3.440325,2.168475,0.497315,-0.924284,-1.499227,-0.679328,-0.549892,-0.787257,-0.865248,-0.672813,-0.438372,-0.759575,-1.247079,-0.767535,-0.903549,-1.19472,-1.121947,-0.983558,-1.243915,-1.422845,-1.247005,-1.561146,-1.488745,-1.242094,-1.52245,-1.951195,-1.881457,-1.751462,-1.819755,-1.562987,-1.43817,-1.359779,-0.816034,-0.6196,-0.489861,-0.15567,0.112853,0.591858,0.718147,0.655063,0.751822,1.098343,1.279248,1.056315,0.994646,1.1167,0.899904,0.753558,0.930032,0.91517,0.778158,0.755088,0.76912,0.796519,0.839543,0.761567,0.629959,0.941793,0.514841,0.571688,0.840112,0.57367,0.717316,0.811504,0.637318,0.220638,0.685226,0.526078,0.441061,0.329281,0.605221,0.993767,0.833439,0.74054,0.618121,0.625788,0.468646,0.059755,0.096982,0.196858,-0.002127,-0.094384,-0.253487,-0.058935,-0.130638,-0.347235,-0.177933,-0.060332,-0.347634,-0.447443,-0.066689,-0.178448,-0.256052,1
