s0,s1,s2,s3,s4,s5,s6,s7,s8,s9
1.179994866251945496e-01,7.982462644577026367e-02,1.053421646356582642e-01,1.159984916448593140e-01,9.323813021183013916e-02,5.416427925229072571e-02,7.911650836467742920e-02,1.114410683512687683e-01,9.919709712266921997e-02,9.907549619674682617e-02
9.072565287351608276e-02,8.193363249301910400e-02,6.706192344427108765e-02,9.489732980728149414e-02,3.471171259880065918e-01,1.301284730434417725e-01,7.593517005443572998e-02,9.253820776939392090e-02,1.094122454524040222e-01,6.114415451884269714e-02
1.080359444022178650e-01,9.255364537239074707e-02,7.141559571027755737e-02,2.375570237636566162e-01,7.670786231756210327e-02,1.080833673477172852e-01,8.954420685768127441e-02,8.314673602581024170e-02,8.301228284835815430e-02,1.188044846057891846e-01
8.802360296249389648e-02,6.608179211616516113e-02,1.000497192144393921e-01,2.373192757368087769e-01,1.168637871742248535e-01,1.156216114759445190e-01,8.483812212944030762e-02,8.655185997486114502e-02,8.626470714807510376e-02,9.422150254249572754e-02
6.781779229640960693e-02,6.864647567272186279e-02,9.751591086387634277e-02,8.088699728250503540e-02,9.040722995996475220e-02,1.056662499904632568e-01,6.904654204845428467e-02,6.855432689189910889e-02,1.032471880316734314e-01,8.685724437236785889e-02
1.009631678462028503e-01,9.310743957757949829e-02,1.008049473166465759e-01,9.208949655294418335e-02,1.054155454039573669e-01,9.100611507892608643e-02,7.517769187688827515e-02,7.680879533290863037e-02,6.996248662471771240e-02,8.969371020793914795e-02
9.611205756664276123e-02,8.261784911155700684e-02,1.002636626362800598e-01,7.957932353019714355e-02,8.007389307022094727e-02,7.609605789184570312e-02,5.525406002998352051e-01,8.812402188777923584e-02,7.894067466259002686e-02,1.160341575741767883e-01
1.216762214899063110e-01,1.231441646814346313e-01,7.530531287193298340e-02,7.175026088953018188e-02,3.235480189323425293e-01,6.223002821207046509e-02,9.754918515682220459e-02,1.006496697664260864e-01,9.465584158897399902e-02,6.656832993030548096e-02
6.841953843832015991e-02,9.578279405832290649e-02,5.594496801495552063e-02,1.194506213068962097e-01,1.222180202603340149e-01,1.096099168062210083e-01,1.078709959983825684e-01,5.955088138580322266e-02,1.037266403436660767e-01,8.181525766849517822e-02
5.829542875289916992e-02,1.047549694776535034e-01,1.004620045423507690e-01,2.094103395938873291e-01,8.913546800613403320e-02,1.078376173973083496e-01,1.000923439860343933e-01,9.142676740884780884e-02,8.381957560777664185e-02,6.434278935194015503e-02
8.357943594455718994e-02,9.404743462800979614e-02,1.512586921453475952e-01,1.115343123674392700e-01,1.047406122088432312e-01,1.098344996571540833e-01,7.522208243608474731e-02,1.296320408582687378e-01,8.058153092861175537e-02,9.777094423770904541e-02
9.265570342540740967e-02,6.736878305673599243e-02,1.538290530443191528e-01,6.743592023849487305e-02,7.273791730403900146e-02,8.470022678375244141e-02,6.499487906694412231e-02,9.791592508554458618e-02,9.321589022874832153e-02,6.975948810577392578e-02
1.046627461910247803e-01,1.074316948652267456e-01,1.538029462099075317e-01,7.103493809700012207e-02,9.015565365552902222e-02,9.080716967582702637e-02,7.235655188560485840e-02,9.831701219081878662e-02,9.088007360696792603e-02,6.224214658141136169e-02
8.111407607793807983e-02,9.860187023878097534e-02,7.530855387449264526e-02,8.607831597328186035e-02,3.445470929145812988e-01,5.970886349678039551e-02,7.176949083805084229e-02,1.144781634211540222e-01,1.250723153352737427e-01,1.036859080195426941e-01
1.191127821803092957e-01,9.829203784465789795e-02,7.215261459350585938e-02,1.248499453067779541e-01,1.366961747407913208e-01,6.364553421735763550e-02,9.075567126274108887e-02,4.664300382137298584e-01,9.427690505981445312e-02,5.537313222885131836e-01
7.819619774818420410e-02,1.086293384432792664e-01,7.295499742031097412e-02,2.133351117372512817e-01,7.219722121953964233e-02,9.626717865467071533e-02,7.818705588579177856e-02,1.072945892810821533e-01,9.647721052169799805e-02,9.647832810878753662e-02
1.189610809087753296e-01,1.091990694403648376e-01,5.842268839478492737e-02,1.002393364906311035e-01,6.953198462724685669e-02,7.251793891191482544e-02,1.087218150496482849e-01,6.196887493133544922e-01,9.454252570867538452e-02,8.847631514072418213e-02
1.232171803712844849e-01,9.421364217996597290e-02,1.074524223804473877e-01,9.640260785818099976e-02,1.049567088484764099e-01,6.736867874860763550e-02,9.028389304876327515e-02,8.174645155668258667e-02,8.269907534122467041e-02,1.030351519584655762e-01
6.854324787855148315e-02,7.943029701709747314e-02,6.858959794044494629e-02,1.067933887243270874e-01,8.243525773286819458e-02,9.930061548948287964e-02,6.118510290980339050e-02,1.046366095542907715e-01,8.962562680244445801e-02,7.842453569173812866e-02
8.355257660150527954e-02,1.002013832330703735e-01,1.163171827793121338e-01,6.152470409870147705e-02,7.259870320558547974e-02,1.228474229574203491e-01,7.967051863670349121e-02,7.565110176801681519e-02,7.903240621089935303e-02,1.026097312569618225e-01
6.650515645742416382e-02,1.249515041708946228e-01,1.001948714256286621e-01,1.984736323356628418e-01,1.141996309161186218e-01,1.385635137557983398e-01,8.621691912412643433e-02,8.119563013315200806e-02,7.710672169923782349e-02,8.953141421079635620e-02
7.662276923656463623e-02,9.414392709732055664e-02,1.099435910582542419e-01,1.062107682228088379e-01,3.440448045730590820e-01,1.122388318181037903e-01,9.510181844234466553e-02,8.717213571071624756e-02,6.791079044342041016e-02,1.117901653051376343e-01
7.510141283273696899e-02,9.473222494125366211e-02,8.102134615182876587e-02,1.344861090183258057e-01,7.839411497116088867e-02,7.607841491699218750e-02,7.014141231775283813e-02,8.426631987094879150e-02,7.562918215990066528e-02,6.481938064098358154e-02
6.149530410766601562e-02,7.212968915700912476e-02,1.233407258987426758e-01,8.645515888929367065e-02,1.097289994359016418e-01,7.901807129383087158e-02,7.925958186388015747e-02,8.968544006347656250e-02,5.693329498171806335e-02,7.170950621366500854e-02
9.376556426286697388e-02,7.582412660121917725e-02,8.902925252914428711e-02,8.353339880704879761e-02,9.296194463968276978e-02,1.078252121806144714e-01,1.097489148378372192e-01,8.820410072803497314e-02,7.770475745201110840e-02,1.153413578867912292e-01
7.900896668434143066e-02,1.088102534413337708e-01,9.332825988531112671e-02,6.643738597631454468e-02,8.589629083871841431e-02,7.729035615921020508e-02,8.560807257890701294e-02,6.205973625183105469e-01,5.568392202258110046e-02,8.417312055826187134e-02
9.231500327587127686e-02,9.679376333951950073e-02,8.699542284011840820e-02,6.461501866579055786e-02,8.657111227512359619e-02,9.060769528150558472e-02,5.511367917060852051e-01,1.023501977324485779e-01,8.487577736377716064e-02,8.624065667390823364e-02
7.008496671915054321e-02,1.310848742723464966e-01,8.913473039865493774e-02,9.335052967071533203e-02,7.137911021709442139e-02,1.120462194085121155e-01,1.245262920856475830e-01,9.295191615819931030e-02,7.491237670183181763e-02,7.649959623813629150e-02
1.110263019800186157e-01,1.096731722354888916e-01,9.511463344097137451e-02,2.373774051666259766e-01,1.120710298418998718e-01,1.102036461234092712e-01,8.273017406463623047e-02,9.050021320581436157e-02,8.547364175319671631e-02,9.834910184144973755e-02
7.396886497735977173e-02,7.025532424449920654e-02,1.000466123223304749e-01,9.771069139242172241e-02,8.169050514698028564e-02,1.091580018401145935e-01,9.816720336675643921e-02,7.509270310401916504e-02,9.491389989852905273e-02,9.226166456937789917e-02
8.029441535472869873e-02,1.004365608096122742e-01,8.638681471347808838e-02,8.385068923234939575e-02,9.495050460100173950e-02,1.317745596170425415e-01,1.108590066432952881e-01,7.673957943916320801e-02,7.977434247732162476e-02,8.791631460189819336e-02
6.783601641654968262e-02,9.295229613780975342e-02,5.884829536080360413e-02,6.140570715069770813e-02,7.850848138332366943e-02,8.651636540889739990e-02,9.541043639183044434e-02,6.403984874486923218e-02,8.175135403871536255e-02,8.781362324953079224e-02
9.442888200283050537e-02,7.071702182292938232e-02,8.825279027223587036e-02,6.200027093291282654e-02,6.754557788372039795e-02,9.595773369073867798e-02,8.570042997598648071e-02,1.041655987501144409e-01,9.686248004436492920e-02,7.227343320846557617e-02
8.701765537261962891e-02,6.954827159643173218e-02,1.550046950578689575e-01,9.008105844259262085e-02,1.046179383993148804e-01,8.852520585060119629e-02,6.370580941438674927e-02,8.277490735054016113e-02,1.131009757518768311e-01,6.190628558397293091e-02
9.614177793264389038e-02,1.052310094237327576e-01,6.545370072126388550e-02,2.365097999572753906e-01,1.003216579556465149e-01,9.376459568738937378e-02,9.521754086017608643e-02,1.084108650684356689e-01,9.776505827903747559e-02,7.982778549194335938e-02
8.105689287185668945e-02,8.693734556436538696e-02,1.245074421167373657e-01,8.342540264129638672e-02,7.833887636661529541e-02,7.854855805635452271e-02,1.139392554759979248e-01,6.031214594841003418e-01,9.337033331394195557e-02,1.579510867595672607e-01
1.026203557848930359e-01,1.181506216526031494e-01,9.940560907125473022e-02,2.358459383249282837e-01,1.009705290198326111e-01,7.713410258293151855e-02,9.352651983499526978e-02,9.794674068689346313e-02,1.069111153483390808e-01,8.228767663240432739e-02
1.266348510980606079e-01,9.894307702779769897e-02,1.306088715791702271e-01,8.412349969148635864e-02,6.304169446229934692e-02,9.914623200893402100e-02,9.438112378120422363e-02,9.183322638273239136e-02,1.086726710200309753e-01,1.158777847886085510e-01
7.954606413841247559e-02,9.157369285821914673e-02,1.094888597726821899e-01,1.175984516739845276e-01,3.440979123115539551e-01,9.559113532304763794e-02,1.097027882933616638e-01,7.950737327337265015e-02,8.168911188840866089e-02,1.109425798058509827e-01
9.798175841569900513e-02,1.150581762194633484e-01,8.109179139137268066e-02,2.347287386655807495e-01,6.938373297452926636e-02,1.263623386621475220e-01,7.975177466869354248e-02,1.003283932805061340e-01,1.222916692495346069e-01,8.266001939773559570e-02
8.622940629720687866e-02,9.437005966901779175e-02,1.159631833434104919e-01,2.381700724363327026e-01,1.293296217918395996e-01,8.509816974401473999e-02,8.351340889930725098e-02,8.872378617525100708e-02,7.416232675313949585e-02,7.898471504449844360e-02
8.204851299524307251e-02,1.181222274899482727e-01,7.607697695493698120e-02,1.021386757493019104e-01,1.287655085325241089e-01,1.089329868555068970e-01,8.698721975088119507e-02,7.994255423545837402e-02,7.922820001840591431e-02,7.771596312522888184e-02
9.275208413600921631e-02,8.147769421339035034e-02,7.977335155010223389e-02,7.181233912706375122e-02,1.151213198900222778e-01,5.730574205517768860e-02,9.392711520195007324e-02,7.457165420055389404e-02,8.348339796066284180e-02,8.811145275831222534e-02
8.179999887943267822e-02,8.683956414461135864e-02,7.688453793525695801e-02,6.745862215757369995e-02,8.451878279447555542e-02,9.547039866447448730e-02,8.126728236675262451e-02,7.054192572832107544e-02,7.933080941438674927e-02,6.893606483936309814e-02
8.751895278692245483e-02,5.950124934315681458e-02,8.336513489484786987e-02,7.999189198017120361e-02,3.444469571113586426e-01,7.510181516408920288e-02,1.100196465849876404e-01,7.092966139316558838e-02,8.654607832431793213e-02,1.052932068705558777e-01
1.125738024711608887e-01,1.042113006114959717e-01,1.539092808961868286e-01,8.856686949729919434e-02,9.796089679002761841e-02,1.138570830225944519e-01,7.607115805149078369e-02,9.678001701831817627e-02,8.804984390735626221e-02,1.090223491191864014e-01
1.124175414443016052e-01,1.010298803448677063e-01,1.546907871961593628e-01,7.087992131710052490e-02,1.114404797554016113e-01,1.136632040143013000e-01,9.275405108928680420e-02,8.710218966007232666e-02,1.082096099853515625e-01,1.105923876166343689e-01
1.085061207413673401e-01,1.041119396686553955e-01,1.569771021604537964e-01,6.977440416812896729e-02,8.311703801155090332e-02,1.022670716047286987e-01,1.286792159080505371e-01,5.667421966791152954e-02,9.478514641523361206e-02,1.028047725558280945e-01
8.183864504098892212e-02,1.011289283633232117e-01,9.299781918525695801e-02,9.359018504619598389e-02,1.046781167387962341e-01,1.057303547859191895e-01,6.871628016233444214e-02,5.976194888353347778e-02,5.951080471277236938e-02,9.597107023000717163e-02
7.539273798465728760e-02,1.248344853520393372e-01,9.278653562068939209e-02,2.368153333663940430e-01,6.922389566898345947e-02,6.910765171051025391e-02,8.068069815635681152e-02,6.830006837844848633e-02,9.354113042354583740e-02,9.431514143943786621e-02
9.212919324636459351e-02,9.060522168874740601e-02,1.542166024446487427e-01,1.117433086037635803e-01,1.042288616299629211e-01,6.254380941390991211e-02,8.458351343870162964e-02,9.290384501218795776e-02,1.247018873691558838e-01,1.154594421386718750e-01
7.571286708116531372e-02,1.136091649532318115e-01,9.688767790794372559e-02,8.652503043413162231e-02,9.183356165885925293e-02,4.454799294471740723e-01,1.056500077247619629e-01,9.615058451890945435e-02,9.246467798948287964e-02,1.078353002667427063e-01
8.194932341575622559e-02,1.067492067813873291e-01,1.166682019829750061e-01,8.145494014024734497e-02,8.746704459190368652e-02,1.195065826177597046e-01,1.054794415831565857e-01,6.212667226791381836e-01,7.126539200544357300e-02,8.102436363697052002e-02
7.243752479553222656e-02,8.750720322132110596e-02,8.195570856332778931e-02,2.352723628282546997e-01,8.760827034711837769e-02,1.113046109676361084e-01,1.062444522976875305e-01,1.066935956478118896e-01,1.149621009826660156e-01,8.139989525079727173e-02
7.111237198114395142e-02,7.149074971675872803e-02,1.107800900936126709e-01,2.393355816602706909e-01,9.000875800848007202e-02,1.027414873242378235e-01,1.065353155136108398e-01,9.309925138950347900e-02,5.725786462426185608e-02,7.862728834152221680e-02
9.451636672019958496e-02,8.492821455001831055e-02,7.115865498781204224e-02,1.311438679695129395e-01,7.890659570693969727e-02,4.392298758029937744e-01,1.014141067862510681e-01,1.188715472817420959e-01,7.997729629278182983e-02,9.872596710920333862e-02
6.298431009054183960e-02,7.504183799028396606e-02,1.121181100606918335e-01,1.994241029024124146e-01,8.749802410602569580e-02,1.359954476356506348e-01,1.062553226947784424e-01,7.646618783473968506e-02,1.035046204924583435e-01,7.328427582979202271e-02
5.467097088694572449e-02,8.242484927177429199e-02,9.520213305950164795e-02,2.119229137897491455e-01,5.851145088672637939e-02,1.004978418350219727e-01,9.965651482343673706e-02,1.058259680867195129e-01,1.078754737973213196e-01,8.321256935596466064e-02
8.331409841775894165e-02,9.553624689579010010e-02,1.160238161683082581e-01,2.373291552066802979e-01,1.321240365505218506e-01,1.037142053246498108e-01,9.849950671195983887e-02,8.994280546903610229e-02,8.623906224966049194e-02,9.553760290145874023e-02
7.798001915216445923e-02,1.007213667035102844e-01,1.034174412488937378e-01,5.010163038969039917e-02,1.221054047346115112e-01,6.868671625852584839e-02,1.120668873190879822e-01,1.003551185131072998e-01,8.687621355056762695e-02,8.396761864423751831e-02
9.673780947923660278e-02,6.480749696493148804e-02,1.042456850409507751e-01,1.053471267223358154e-01,1.024147644639015198e-01,1.040273159742355347e-01,9.379801154136657715e-02,9.053611010313034058e-02,1.033152192831039429e-01,7.296946644783020020e-02
7.502923905849456787e-02,6.896933913230895996e-02,6.286919862031936646e-02,8.839057385921478271e-02,1.090494692325592041e-01,8.145890384912490845e-02,9.513208270072937012e-02,1.154517531394958496e-01,1.073616370558738708e-01,8.041673898696899414e-02
6.467501819133758545e-02,1.154283955693244934e-01,8.687789738178253174e-02,1.152343079447746277e-01,6.800145655870437622e-02,5.438951030373573303e-02,1.043306365609169006e-01,6.136182546615600586e-01,5.315184965729713440e-02,1.136774942278862000e-01
8.524178713560104370e-02,6.905744969844818115e-02,5.936713144183158875e-02,8.742070198059082031e-02,1.133974343538284302e-01,1.036123856902122498e-01,5.498286485671997070e-01,7.105923444032669067e-02,9.015614539384841919e-02,1.216993853449821472e-01
7.645632326602935791e-02,9.804648905992507935e-02,9.387692809104919434e-02,7.742431759834289551e-02,8.141944557428359985e-02,8.176048099994659424e-02,1.046016365289688110e-01,5.899534747004508972e-02,8.307954668998718262e-02,8.024314045906066895e-02
9.445023536682128906e-02,4.987192526459693909e-02,1.020857393741607666e-01,1.976621896028518677e-01,1.227470487356185913e-01,1.407559961080551147e-01,8.694805949926376343e-02,1.159735769033432007e-01,9.106453508138656616e-02,1.050706133246421814e-01
9.905982017517089844e-02,8.001807332038879395e-02,1.547310352325439453e-01,8.414939790964126587e-02,9.607625007629394531e-02,6.258185207843780518e-02,9.679271280765533447e-02,8.632588386535644531e-02,8.588712662458419800e-02,7.060088217258453369e-02
9.852568060159683228e-02,1.163181886076927185e-01,1.554799973964691162e-01,1.235126405954360962e-01,1.034364998340606689e-01,7.716628909111022949e-02,6.355859339237213135e-02,7.664226740598678589e-02,5.909348651766777039e-02,7.230315357446670532e-02
9.011429548263549805e-02,9.887518733739852905e-02,1.259393543004989624e-01,1.144661679863929749e-01,6.051914393901824951e-02,9.216708689928054810e-02,9.513869136571884155e-02,6.747827678918838501e-02,6.508754938840866089e-02,7.748509943485260010e-02
8.178660273551940918e-02,7.060716301202774048e-02,1.017879769206047058e-01,8.230015635490417480e-02,9.484007209539413452e-02,1.016994342207908630e-01,5.485333204269409180e-01,1.201745271682739258e-01,9.545100480318069458e-02,7.966670393943786621e-02
9.191416203975677490e-02,1.089156344532966614e-01,1.057944521307945251e-01,8.096735924482345581e-02,1.239960566163063049e-01,8.506341278553009033e-02,9.297361224889755249e-02,6.205486059188842773e-01,8.005852252244949341e-02,8.399292826652526855e-02
7.613465934991836548e-02,9.904970228672027588e-02,9.263271093368530273e-02,1.108568161725997925e-01,9.189552813768386841e-02,6.884277611970901489e-02,9.292653203010559082e-02,8.337810635566711426e-02,1.193638369441032410e-01,9.271777421236038208e-02
1.142142638564109802e-01,9.575992077589035034e-02,9.600036591291427612e-02,2.376548796892166138e-01,1.321401894092559814e-01,7.839242368936538696e-02,6.690109521150588989e-02,1.078272461891174316e-01,8.150067180395126343e-02,1.110213994979858398e-01
8.488874882459640503e-02,7.916592061519622803e-02,1.564234346151351929e-01,7.915539294481277466e-02,9.816114604473114014e-02,1.339332908391952515e-01,9.262975305318832397e-02,6.415367871522903442e-02,6.891773641109466553e-02,7.361311465501785278e-02
7.722220569849014282e-02,7.490184903144836426e-02,1.047504544258117676e-01,1.089216321706771851e-01,1.564273536205291748e-01,8.425500243902206421e-02,8.340165019035339355e-02,7.283019274473190308e-02,8.191308379173278809e-02,9.478972852230072021e-02
6.021707132458686829e-02,8.309204131364822388e-02,1.006043106317520142e-01,2.381316721439361572e-01,1.229134649038314819e-01,7.535093277692794800e-02,8.126474171876907349e-02,9.242265671491622925e-02,7.478141039609909058e-02,9.432345628738403320e-02
9.729874134063720703e-02,1.249435320496559143e-01,7.675976306200027466e-02,6.804577261209487915e-02,3.127828538417816162e-01,1.045865193009376526e-01,1.321782022714614868e-01,7.899902015924453735e-02,8.717004954814910889e-02,6.599364429712295532e-02
1.031745672225952148e-01,8.063270151615142822e-02,6.431715190410614014e-02,9.430687129497528076e-02,8.375189453363418579e-02,9.497641026973724365e-02,9.555676579475402832e-02,8.751438558101654053e-02,1.025485768914222717e-01,8.391641080379486084e-02
1.077565550804138184e-01,8.111321181058883667e-02,7.449372857809066772e-02,2.381512224674224854e-01,8.499561250209808350e-02,7.898157835006713867e-02,8.214537054300308228e-02,7.823384553194046021e-02,7.450582832098007202e-02,9.024418890476226807e-02
9.314819425344467163e-02,7.733025401830673218e-02,1.060029268264770508e-01,1.197176799178123474e-01,6.993050128221511841e-02,1.137165725231170654e-01,1.173887178301811218e-01,1.137586981058120728e-01,8.055619150400161743e-02,5.721784010529518127e-02
8.108570426702499390e-02,8.490759879350662231e-02,9.218650311231613159e-02,7.058615237474441528e-02,3.032119870185852051e-01,1.195624545216560364e-01,1.609986573457717896e-01,1.047276407480239868e-01,7.699773460626602173e-02,8.317171037197113037e-02
8.118751645088195801e-02,9.270582348108291626e-02,8.510628342628479004e-02,9.156827628612518311e-02,7.753755152225494385e-02,4.476172029972076416e-01,1.073260903358459473e-01,8.814331889152526855e-02,1.186896190047264099e-01,8.338133245706558228e-02
7.453067600727081299e-02,1.018605977296829224e-01,6.670369952917098999e-02,8.688663691282272339e-02,8.271566778421401978e-02,9.695658832788467407e-02,1.031689196825027466e-01,6.150404214859008789e-01,8.158767223358154297e-02,1.098957732319831848e-01
6.721556931734085083e-02,7.055624574422836304e-02,9.281235188245773315e-02,1.084886863827705383e-01,9.807965904474258423e-02,8.857061713933944702e-02,5.483521819114685059e-01,8.026941865682601929e-02,9.634231030941009521e-02,1.120535954833030701e-01
8.334560692310333252e-02,8.673169463872909546e-02,1.007745862007141113e-01,7.241628319025039673e-02,2.999401092529296875e-01,1.034836098551750183e-01,1.705634742975234985e-01,6.190582737326622009e-02,9.533768147230148315e-02,8.465775847434997559e-02
1.206763535737991333e-01,8.592288196086883545e-02,1.089141741394996643e-01,2.124436348676681519e-01,6.775964051485061646e-02,9.890726953744888306e-02,1.040259674191474915e-01,9.600562602281570435e-02,1.086670011281967163e-01,1.037410870194435120e-01
9.984058886766433716e-02,9.822544455528259277e-02,7.080873101949691772e-02,2.120075672864913940e-01,6.046290695667266846e-02,1.002595871686935425e-01,8.073640614748001099e-02,8.458198606967926025e-02,8.120023459196090698e-02,7.236459106206893921e-02
8.674328774213790894e-02,9.994228929281234741e-02,8.781713992357254028e-02,8.401906490325927734e-02,8.698523044586181641e-02,1.042029559612274170e-01,8.286333084106445312e-02,7.451589405536651611e-02,7.443568110466003418e-02,6.397802382707595825e-02
9.167890250682830811e-02,1.211965978145599365e-01,6.565825641155242920e-02,6.592909246683120728e-02,1.045419648289680481e-01,8.316045254468917847e-02,9.667628258466720581e-02,6.165035367012023926e-01,1.061999797821044922e-01,1.032599732279777527e-01
1.019129753112792969e-01,1.004235073924064636e-01,6.093000993132591248e-02,1.030982211232185364e-01,6.782294809818267822e-02,1.032739952206611633e-01,1.264344304800033569e-01,1.150202900171279907e-01,8.166994154453277588e-02,8.620706945657730103e-02
8.957619220018386841e-02,9.697235375642776489e-02,6.023953109979629517e-02,1.048457846045494080e-01,9.181990474462509155e-02,9.076291322708129883e-02,1.357092559337615967e-01,6.888525933027267456e-02,1.014863029122352600e-01,7.270283997058868408e-02
1.164093539118766785e-01,9.776003658771514893e-02,1.154294982552528381e-01,7.284141331911087036e-02,8.779070526361465454e-02,9.878693521022796631e-02,1.037909835577011108e-01,7.880957424640655518e-02,8.542549610137939453e-02,1.075538098812103271e-01
8.293867111206054688e-02,1.120956838130950928e-01,1.090149357914924622e-01,9.133024513721466064e-02,7.666473090648651123e-02,8.593322336673736572e-02,1.097922921180725098e-01,8.682737499475479126e-02,8.748304843902587891e-02,7.246338576078414917e-02
6.141196936368942261e-02,1.140981614589691162e-01,1.021601110696792603e-01,8.085555583238601685e-02,8.004605025053024292e-02,1.133449971675872803e-01,1.127920970320701599e-01,9.307183325290679932e-02,1.098143830895423889e-01,7.459442317485809326e-02
1.049359217286109924e-01,1.194424852728843689e-01,9.780294448137283325e-02,8.782523870468139648e-02,8.169159293174743652e-02,7.625941932201385498e-02,5.560840368270874023e-01,7.770782709121704102e-02,6.383155286312103271e-02,8.500472456216812134e-02
9.990955144166946411e-02,1.174225136637687683e-01,7.996650785207748413e-02,7.062318176031112671e-02,3.448799848556518555e-01,7.527668774127960205e-02,8.681642264127731323e-02,1.371937245130538940e-01,8.611236512660980225e-02,9.829827398061752319e-02
8.398197591304779053e-02,6.252623349428176880e-02,8.266595005989074707e-02,7.833243906497955322e-02,8.211386203765869141e-02,9.948935359716415405e-02,1.067400053143501282e-01,6.007054448127746582e-01,6.813193857669830322e-02,1.677132099866867065e-01
7.367666065692901611e-02,7.156077772378921509e-02,7.126337289810180664e-02,6.478328257799148560e-02,7.070868462324142456e-02,8.741674572229385376e-02,1.102001368999481201e-01,4.654854238033294678e-01,8.139828592538833618e-02,5.549738407135009766e-01
7.774517685174942017e-02,1.073561087250709534e-01,9.811453521251678467e-02,2.335704565048217773e-01,7.682283222675323486e-02,9.318457543849945068e-02,1.018501892685890198e-01,1.038845106959342957e-01,1.376978009939193726e-01,8.009250462055206299e-02
7.098706811666488647e-02,7.966935634613037109e-02,1.036682054400444031e-01,1.178815290331840515e-01,3.175634443759918213e-01,7.645595073699951172e-02,1.170293837785720825e-01,8.476474136114120483e-02,8.036687970161437988e-02,9.522254765033721924e-02
9.311240911483764648e-02,1.177960336208343506e-01,7.562088221311569214e-02,8.825041353702545166e-02,9.148501604795455933e-02,9.804906696081161499e-02,6.509581953287124634e-02,9.840696305036544800e-02,7.889964431524276733e-02,8.201415836811065674e-02
7.390583306550979614e-02,8.706534653902053833e-02,1.554396152496337891e-01,9.816734492778778076e-02,8.480086177587509155e-02,9.308897703886032104e-02,1.092153042554855347e-01,7.719311863183975220e-02,8.367912471294403076e-02,1.040216013789176941e-01
9.967656433582305908e-02,1.073090955615043640e-01,9.871046245098114014e-02,1.340446025133132935e-01,3.450421094894409180e-01,1.306011229753494263e-01,1.079195588827133179e-01,1.013348922133445740e-01,8.120130002498626709e-02,9.577480703592300415e-02
8.223120123147964478e-02,1.080083847045898438e-01,9.349521249532699585e-02,9.809022396802902222e-02,1.055271178483963013e-01,1.228043213486671448e-01,5.489723086357116699e-01,1.260329335927963257e-01,9.382545202970504761e-02,1.082670241594314575e-01
8.908354490995407104e-02,1.019585281610488892e-01,7.430085539817810059e-02,9.140878915786743164e-02,7.839319854974746704e-02,7.620004564523696899e-02,7.193718850612640381e-02,1.026239618659019470e-01,6.849370151758193970e-02,1.268850266933441162e-01
1.058458164334297180e-01,9.927787631750106812e-02,9.536484628915786743e-02,8.938126266002655029e-02,1.155797392129898071e-01,7.063408941030502319e-02,9.048520028591156006e-02,1.165503263473510742e-01,1.124566197395324707e-01,7.661903649568557739e-02
7.530032098293304443e-02,6.588794291019439697e-02,7.512042671442031860e-02,2.166101634502410889e-01,7.628033310174942017e-02,8.641391247510910034e-02,8.023891597986221313e-02,1.142757236957550049e-01,1.255621761083602905e-01,9.395290911197662354e-02
1.027719080448150635e-01,8.314309269189834595e-02,8.901908248662948608e-02,7.770193368196487427e-02,3.450595140457153320e-01,7.803001999855041504e-02,1.058012619614601135e-01,8.959905058145523071e-02,8.418403565883636475e-02,9.522327035665512085e-02
6.821418553590774536e-02,1.250312626361846924e-01,8.958723396062850952e-02,5.885284021496772766e-02,8.181148022413253784e-02,7.820773124694824219e-02,8.750039339065551758e-02,9.738429635763168335e-02,1.033657416701316833e-01,8.014583587646484375e-02
9.972963482141494751e-02,1.013727039098739624e-01,7.152038067579269409e-02,8.879142999649047852e-02,8.674413710832595825e-02,8.694811165332794189e-02,6.631796807050704956e-02,1.029355153441429138e-01,1.041061803698539734e-01,1.131248176097869873e-01
8.367881178855895996e-02,8.742482960224151611e-02,8.418718725442886353e-02,7.003837078809738159e-02,3.214742243289947510e-01,7.808829098939895630e-02,1.043758764863014221e-01,5.863898992538452148e-02,6.293290108442306519e-02,9.934106469154357910e-02
7.640780508518218994e-02,8.493915200233459473e-02,8.949335664510726929e-02,6.804858148097991943e-02,3.462570905685424805e-01,1.092830300331115723e-01,8.985538035631179810e-02,6.834162026643753052e-02,1.080740764737129211e-01,7.547841221094131470e-02
7.612667977809906006e-02,8.863332122564315796e-02,9.724903851747512817e-02,8.130725473165512085e-02,9.498312324285507202e-02,4.428314864635467529e-01,6.591239571571350098e-02,1.058922186493873596e-01,9.376868605613708496e-02,7.386281341314315796e-02
1.017380729317665100e-01,8.535195142030715942e-02,7.675638794898986816e-02,9.928322583436965942e-02,3.447507619857788086e-01,1.172222793102264404e-01,9.715089946985244751e-02,8.148580789566040039e-02,1.244715526700019836e-01,1.003523916006088257e-01
1.146577671170234680e-01,1.203701570630073547e-01,8.618620783090591431e-02,1.063168719410896301e-01,8.245398104190826416e-02,8.360854536294937134e-02,1.018475964665412903e-01,9.475597739219665527e-02,6.604427844285964966e-02,9.842228144407272339e-02
6.612030416727066040e-02,1.212218776345252991e-01,1.548167020082473755e-01,7.439329475164413452e-02,1.237038746476173401e-01,7.367101311683654785e-02,1.105462908744812012e-01,8.523357659578323364e-02,8.692625164985656738e-02,9.704822301864624023e-02
7.848393917083740234e-02,9.828442335128784180e-02,7.835515588521957397e-02,7.193497568368911743e-02,7.630514353513717651e-02,9.964525699615478516e-02,1.019796654582023621e-01,6.256399303674697876e-02,7.859046757221221924e-02,9.550066292285919189e-02
6.526608765125274658e-02,9.850418567657470703e-02,1.002715528011322021e-01,7.544223219156265259e-02,7.596930116415023804e-02,8.189640939235687256e-02,1.194314882159233093e-01,7.674062252044677734e-02,8.099442720413208008e-02,7.920173555612564087e-02
9.077286720275878906e-02,7.825595885515213013e-02,9.155833721160888672e-02,1.128791570663452148e-01,7.516162097454071045e-02,1.038620546460151672e-01,7.647555321455001831e-02,8.181074261665344238e-02,1.065834760665893555e-01,9.397768974304199219e-02
9.703402221202850342e-02,8.993913978338241577e-02,7.247783988714218140e-02,1.050211191177368164e-01,3.441824316978454590e-01,7.454774528741836548e-02,8.539622277021408081e-02,8.923915773630142212e-02,9.194400161504745483e-02,1.095653399825096130e-01
8.953413367271423340e-02,1.109193861484527588e-01,1.554009467363357544e-01,5.527715012431144714e-02,6.905221194028854370e-02,7.718876004219055176e-02,7.876091450452804565e-02,7.755196094512939453e-02,9.252097457647323608e-02,1.033249571919441223e-01
6.203274801373481750e-02,1.146161481738090515e-01,9.695900976657867432e-02,1.351124197244644165e-01,9.498168528079986572e-02,1.001060977578163147e-01,8.948110044002532959e-02,1.062297821044921875e-01,8.703804016113281250e-02,8.321154862642288208e-02
8.882091194391250610e-02,9.107758104801177979e-02,8.158876001834869385e-02,8.685745298862457275e-02,8.990181237459182739e-02,1.215229704976081848e-01,9.772088378667831421e-02,6.179074645042419434e-01,1.006159260869026184e-01,9.674501419067382812e-02
8.155943453311920166e-02,8.488248288631439209e-02,1.148335859179496765e-01,7.921192049980163574e-02,1.315364688634872437e-01,9.292315691709518433e-02,1.151040941476821899e-01,9.300258755683898926e-02,8.380611985921859741e-02,8.324291557073593140e-02
8.408793807029724121e-02,9.165800362825393677e-02,1.537213474512100220e-01,6.962239742279052734e-02,9.800249338150024414e-02,7.386912405490875244e-02,6.209715455770492554e-02,9.885478764772415161e-02,5.884844064712524414e-02,6.137434393167495728e-02
9.813784807920455933e-02,1.136890053749084473e-01,9.061548858880996704e-02,8.364989608526229858e-02,9.403661638498306274e-02,1.260771006345748901e-01,9.034359455108642578e-02,1.042981147766113281e-01,1.044047549366950989e-01,9.126050770282745361e-02
8.764957636594772339e-02,8.944322168827056885e-02,7.474368810653686523e-02,6.335991621017456055e-02,3.056086301803588867e-01,7.571740448474884033e-02,1.539122164249420166e-01,8.885645866394042969e-02,8.688141405582427979e-02,1.204011589288711548e-01
9.845190495252609253e-02,1.064185872673988342e-01,1.160688623785972595e-01,1.033803075551986694e-01,6.406766176223754883e-02,1.060825586318969727e-01,6.999268382787704468e-02,1.095222532749176025e-01,9.670200198888778687e-02,8.634450286626815796e-02
9.446489065885543823e-02,9.611666947603225708e-02,6.533522158861160278e-02,1.985077261924743652e-01,9.040623903274536133e-02,1.385253965854644775e-01,7.321008294820785522e-02,6.829926371574401855e-02,1.074278727173805237e-01,1.050880253314971924e-01
8.366067707538604736e-02,9.038821607828140259e-02,9.578911215066909790e-02,9.448667615652084351e-02,1.016228720545768738e-01,1.223921030759811401e-01,9.002945572137832642e-02,4.052320495247840881e-02,1.044656112790107727e-01,7.690535783767700195e-01
6.880228966474533081e-02,6.259772926568984985e-02,1.095874831080436707e-01,2.122422903776168823e-01,9.721457213163375854e-02,9.947197139263153076e-02,1.080247983336448669e-01,9.371039271354675293e-02,9.175244718790054321e-02,1.113924831151962280e-01
7.806605100631713867e-02,9.023365378379821777e-02,7.961584627628326416e-02,2.375622987747192383e-01,8.406392484903335571e-02,1.155187785625457764e-01,8.870033174753189087e-02,8.401679247617721558e-02,8.280263096094131470e-02,8.494747430086135864e-02
1.308089792728424072e-01,7.511085271835327148e-02,1.056921035051345825e-01,8.130925148725509644e-02,3.218677341938018799e-01,8.972267061471939087e-02,1.030495762825012207e-01,6.102133542299270630e-02,9.878727793693542480e-02,8.112209290266036987e-02
1.093486472964286804e-01,1.006347835063934326e-01,1.537339985370635986e-01,8.805873245000839233e-02,6.489334255456924438e-02,9.977360814809799194e-02,9.795179963111877441e-02,9.920483082532882690e-02,9.307941794395446777e-02,9.222249686717987061e-02
9.767682850360870361e-02,8.748950064182281494e-02,7.685995846986770630e-02,2.063521146774291992e-01,9.737870097160339355e-02,1.165854036808013916e-01,8.219780772924423218e-02,1.124756634235382080e-01,6.597357243299484253e-02,7.430956512689590454e-02
7.942151278257369995e-02,8.862432837486267090e-02,8.900017291307449341e-02,8.183800429105758667e-02,1.297410279512405396e-01,7.525981962680816650e-02,7.421754300594329834e-02,8.736182749271392822e-02,5.130687355995178223e-02,6.283029913902282715e-02
8.801336586475372314e-02,9.937465935945510864e-02,6.091316416859626770e-02,9.038436412811279297e-02,1.129861176013946533e-01,1.004747971892356873e-01,8.952078968286514282e-02,1.200226694345474243e-01,8.817382156848907471e-02,6.623131781816482544e-02
7.149552553892135620e-02,9.379012137651443481e-02,7.352756708860397339e-02,1.140840724110603333e-01,1.024724245071411133e-01,8.532116562128067017e-02,8.227336406707763672e-02,5.820025876164436340e-02,5.862332135438919067e-02,1.094486564397811890e-01
8.791498839855194092e-02,9.559860080480575562e-02,8.505980670452117920e-02,9.931441396474838257e-02,8.950343728065490723e-02,4.313857257366180420e-01,7.193686813116073608e-02,1.464180648326873779e-01,8.710683882236480713e-02,1.110329553484916687e-01
8.237991482019424438e-02,1.234911009669303894e-01,9.762536734342575073e-02,8.431771397590637207e-02,7.284679263830184937e-02,9.433909505605697632e-02,9.773445129394531250e-02,7.196038216352462769e-02,8.272297680377960205e-02,8.933347463607788086e-02
7.300852984189987183e-02,1.084836572408676147e-01,6.894373148679733276e-02,7.593091577291488647e-02,8.836620301008224487e-02,1.015172228217124939e-01,8.431291580200195312e-02,9.178149700164794922e-02,1.061543375253677368e-01,7.123877853155136108e-02
7.310134172439575195e-02,7.939592748880386353e-02,9.952379018068313599e-02,9.357575327157974243e-02,7.566799223423004150e-02,6.441143155097961426e-02,8.125490695238113403e-02,5.012192726135253906e-01,1.058006510138511658e-01,4.819018840789794922e-01
8.600885421037673950e-02,8.466149121522903442e-02,7.973151654005050659e-02,6.986030191183090210e-02,8.474491536617279053e-02,8.685895055532455444e-02,5.426378846168518066e-01,1.134830862283706665e-01,1.191029846668243408e-01,9.160251170396804810e-02
6.882358342409133911e-02,1.077225878834724426e-01,8.252225816249847412e-02,7.205945253372192383e-02,5.489562824368476868e-02,4.482153356075286865e-01,6.002082303166389465e-02,8.574268966913223267e-02,8.957818895578384399e-02,5.802194774150848389e-02
7.377681136131286621e-02,6.401154398918151855e-02,1.081816852092742920e-01,1.242577359080314636e-01,6.867139041423797607e-02,7.097215950489044189e-02,1.118626073002815247e-01,1.038430407643318176e-01,7.878668606281280518e-02,7.706929743289947510e-02
9.614431113004684448e-02,8.371051400899887085e-02,9.665954858064651489e-02,8.810865879058837891e-02,3.176656365394592285e-01,8.844032883644104004e-02,1.166605949401855469e-01,9.037856012582778931e-02,6.199027225375175476e-02,8.827107399702072144e-02
9.318942576646804810e-02,8.510172367095947266e-02,1.003849580883979797e-01,7.857678085565567017e-02,6.371241062879562378e-02,4.405174851417541504e-01,7.540261000394821167e-02,1.142476573586463928e-01,1.067791357636451721e-01,7.108594477176666260e-02
8.464819192886352539e-02,6.598850339651107788e-02,8.498521149158477783e-02,2.204770594835281372e-01,9.580173343420028687e-02,7.457146793603897095e-02,8.471366763114929199e-02,1.135386526584625244e-01,8.504882454872131348e-02,1.270779818296432495e-01
1.088891476392745972e-01,9.608244150876998901e-02,5.854839459061622620e-02,2.361659258604049683e-01,7.884941250085830688e-02,8.960450440645217896e-02,1.077399924397468567e-01,9.897034615278244019e-02,1.025830358266830444e-01,8.060546964406967163e-02
9.076208621263504028e-02,7.796557247638702393e-02,8.170890808105468750e-02,9.073147177696228027e-02,3.457805812358856201e-01,7.326164096593856812e-02,8.777902275323867798e-02,9.000226855278015137e-02,7.478013634681701660e-02,8.342565596103668213e-02
8.482794463634490967e-02,9.209113568067550659e-02,7.687910646200180054e-02,9.085408598184585571e-02,9.819278120994567871e-02,1.040765047073364258e-01,8.114100247621536255e-02,6.209186911582946777e-01,7.335738092660903931e-02,8.255798369646072388e-02
8.596094697713851929e-02,9.571930021047592163e-02,1.560513228178024292e-01,1.124169453978538513e-01,7.125277817249298096e-02,1.102127581834793091e-01,9.061207622289657593e-02,6.916657835245132446e-02,7.244976609945297241e-02,1.079798713326454163e-01
7.194150239229202271e-02,9.826393425464630127e-02,9.914555400609970093e-02,1.204000934958457947e-01,9.600198268890380859e-02,9.827469289302825928e-02,1.020432561635971069e-01,1.058338433504104614e-01,1.107491329312324524e-01,1.158585026860237122e-01
1.067921593785285950e-01,9.407361596822738647e-02,8.693436533212661743e-02,8.192370086908340454e-02,1.003011092543601990e-01,4.297292828559875488e-01,9.066466242074966431e-02,1.519054323434829712e-01,7.410735636949539185e-02,9.054105728864669800e-02
8.862927556037902832e-02,7.408683001995086670e-02,1.089313030242919922e-01,1.203019917011260986e-01,3.443384766578674316e-01,6.532230973243713379e-02,5.828975886106491089e-02,7.761193811893463135e-02,8.564430475234985352e-02,1.070214360952377319e-01
7.535929232835769653e-02,1.007292494177818298e-01,6.416863948106765747e-02,7.535390555858612061e-02,1.072773337364196777e-01,1.084742248058319092e-01,7.326651364564895630e-02,1.001716181635856628e-01,9.816145896911621094e-02,9.595990180969238281e-02
1.087678596377372742e-01,1.062235161662101746e-01,8.584007620811462402e-02,2.367763668298721313e-01,9.724732488393783569e-02,9.391169250011444092e-02,8.683212101459503174e-02,1.114252284169197083e-01,9.395404160022735596e-02,6.729878485202789307e-02
7.838942855596542358e-02,1.058310419321060181e-01,8.594084531068801880e-02,8.155244588851928711e-02,9.826727211475372314e-02,1.293605417013168335e-01,6.361990422010421753e-02,1.099207028746604919e-01,1.102442443370819092e-01,9.822226315736770630e-02
8.773276209831237793e-02,1.282857358455657959e-01,1.007982045412063599e-01,1.981896013021469116e-01,9.900890290737152100e-02,1.393036842346191406e-01,8.561489731073379517e-02,9.358460456132888794e-02,8.224757760763168335e-02,1.115907132625579834e-01
8.095151931047439575e-02,7.253004610538482666e-02,9.404763579368591309e-02,8.045805990695953369e-02,9.063730388879776001e-02,1.014390066266059875e-01,7.319604605436325073e-02,1.129498481750488281e-01,6.330481916666030884e-02,8.025275170803070068e-02
8.732989430427551270e-02,8.585270494222640991e-02,6.186724081635475159e-02,8.106047660112380981e-02,1.247565448284149170e-01,9.851992130279541016e-02,5.465787053108215332e-01,5.619223415851593018e-02,1.035038456320762634e-01,7.198250293731689453e-02
7.248298823833465576e-02,1.140094846487045288e-01,1.555622369050979614e-01,7.631456106901168823e-02,8.812825381755828857e-02,9.346327185630798340e-02,7.837694138288497925e-02,7.568527013063430786e-02,9.123545885086059570e-02,7.653415203094482422e-02
1.077952161431312561e-01,8.822151273488998413e-02,8.748367428779602051e-02,2.351058870553970337e-01,8.069813996553421021e-02,1.052170023322105408e-01,1.108419448137283325e-01,8.403568714857101440e-02,1.170199811458587646e-01,1.169510632753372192e-01
9.069849550724029541e-02,9.267799556255340576e-02,9.987072646617889404e-02,8.053354918956756592e-02,9.192159026861190796e-02,7.231628894805908203e-02,5.471587181091308594e-01,7.403264194726943970e-02,1.013045832514762878e-01,7.746317237615585327e-02
7.658305019140243530e-02,8.408727496862411499e-02,8.659838140010833740e-02,1.163356825709342957e-01,3.245517909526824951e-01,6.801000982522964478e-02,9.425105154514312744e-02,5.672947317361831665e-02,6.871935725212097168e-02,8.414071053266525269e-02
1.051138788461685181e-01,7.351955026388168335e-02,1.037794873118400574e-01,1.064253821969032288e-01,7.873665541410446167e-02,1.087497174739837646e-01,5.542672872543334961e-01,7.758907228708267212e-02,7.165993005037307739e-02,1.320305615663528442e-01
9.969075024127960205e-02,9.016564488410949707e-02,8.768384158611297607e-02,2.373203486204147339e-01,8.419115841388702393e-02,8.551845699548721313e-02,6.873324513435363770e-02,7.175373286008834839e-02,8.626786619424819946e-02,1.122388318181037903e-01
8.968055248260498047e-02,8.457986265420913696e-02,9.713396430015563965e-02,8.041427284479141235e-02,3.461192250251770020e-01,9.722785651683807373e-02,1.054838225245475769e-01,8.908679336309432983e-02,1.028152480721473694e-01,7.777173072099685669e-02
9.686287492513656616e-02,1.106171682476997375e-01,7.324895262718200684e-02,7.575004547834396362e-02,7.347675412893295288e-02,6.930884718894958496e-02,9.458994865417480469e-02,9.988158941268920898e-02,1.164364889264106750e-01,9.462659806013107300e-02
1.300284862518310547e-01,1.000860109925270081e-01,8.147271722555160522e-02,5.109240114688873291e-02,7.789567112922668457e-02,9.563991427421569824e-02,8.100862056016921997e-02,5.712622031569480896e-02,9.821812063455581665e-02,9.631615877151489258e-02
8.678431808948516846e-02,7.395586371421813965e-02,1.558908075094223022e-01,7.427283376455307007e-02,7.623399049043655396e-02,9.740406274795532227e-02,7.722695916891098022e-02,7.133813202381134033e-02,8.812371641397476196e-02,7.106398791074752808e-02
1.109058037400245667e-01,7.287067919969558716e-02,1.199511662125587463e-01,8.229096978902816772e-02,7.703296840190887451e-02,8.424786478281021118e-02,8.476597815752029419e-02,5.273767709732055664e-01,9.566864371299743652e-02,4.129372239112854004e-01
8.888201415538787842e-02,8.958011120557785034e-02,7.147520780563354492e-02,1.009473279118537903e-01,7.575733959674835205e-02,9.640464186668395996e-02,5.217799544334411621e-01,9.281017631292343140e-02,1.933210641145706177e-01,8.143532276153564453e-02
1.143989264965057373e-01,1.062542349100112915e-01,1.276009529829025269e-01,2.354471683502197266e-01,9.681402146816253662e-02,6.051368266344070435e-02,6.480050832033157349e-02,1.032687202095985413e-01,1.124299019575119019e-01,7.937756180763244629e-02
6.719816476106643677e-02,9.774316847324371338e-02,1.256095916032791138e-01,1.110989600419998169e-01,1.118491068482398987e-01,9.146047383546829224e-02,1.080953702330589294e-01,8.978459239006042480e-02,6.599631905555725098e-02,7.519229501485824585e-02
8.934583514928817749e-02,9.073904901742935181e-02,1.196100935339927673e-01,1.077668517827987671e-01,6.762952357530593872e-02,8.489433676004409790e-02,9.673697501420974731e-02,7.755870372056961060e-02,9.392908215522766113e-02,1.206403523683547974e-01
9.371925890445709229e-02,8.063035458326339722e-02,1.160005182027816772e-01,2.379381358623504639e-01,7.303281128406524658e-02,9.503847360610961914e-02,8.597806096076965332e-02,1.131920069456100464e-01,7.759781181812286377e-02,1.268691569566726685e-01
6.029328703880310059e-02,8.529435843229293823e-02,7.820582389831542969e-02,8.760194480419158936e-02,5.928249657154083252e-02,6.469079852104187012e-02,5.560191869735717773e-01,9.298472106456756592e-02,6.418699771165847778e-02,8.551871776580810547e-02
8.203497529029846191e-02,9.881631284952163696e-02,8.751571178436279297e-02,1.023487448692321777e-01,8.488320559263229370e-02,1.042335852980613708e-01,9.683378785848617554e-02,1.243987232446670532e-01,8.212168514728546143e-02,7.761692255735397339e-02
8.751641958951950073e-02,1.091800928115844727e-01,6.567249447107315063e-02,9.110014140605926514e-02,9.294005483388900757e-02,1.229688450694084167e-01,8.702372014522552490e-02,8.124863356351852417e-02,1.012427508831024170e-01,1.272903233766555786e-01
7.613938301801681519e-02,5.874117836356163025e-02,1.235233768820762634e-01,7.982692867517471313e-02,1.094090342521667480e-01,8.831255137920379639e-02,7.977513223886489868e-02,1.173052564263343811e-01,1.147436127066612244e-01,7.538012415170669556e-02
1.224345490336418152e-01,1.064963340759277344e-01,1.148099452257156372e-01,2.369437366724014282e-01,9.813508391380310059e-02,1.044036224484443665e-01,1.163678690791130066e-01,7.360745221376419067e-02,9.178965538740158081e-02,7.305409759283065796e-02
9.834677726030349731e-02,7.543326914310455322e-02,1.067049503326416016e-01,2.361173480749130249e-01,7.455376535654067993e-02,8.934583514928817749e-02,8.281967043876647949e-02,1.010864600539207458e-01,1.032261326909065247e-01,9.129115939140319824e-02
7.302941381931304932e-02,8.667182177305221558e-02,9.547373652458190918e-02,7.958719879388809204e-02,3.035980761051177979e-01,8.848019689321517944e-02,1.599115431308746338e-01,7.874405384063720703e-02,1.150593608617782593e-01,9.144174307584762573e-02
7.053054869174957275e-02,1.099119335412979126e-01,1.534115672111511230e-01,7.354768365621566772e-02,1.141256168484687805e-01,7.227756083011627197e-02,1.142102777957916260e-01,1.032017469406127930e-01,1.029881909489631653e-01,1.095160841941833496e-01
7.656959444284439087e-02,1.021648347377777100e-01,9.015996009111404419e-02,2.145456522703170776e-01,7.103104144334793091e-02,9.265664964914321899e-02,1.073905900120735168e-01,6.106763705611228943e-02,8.680351823568344116e-02,7.614357769489288330e-02
8.473771065473556519e-02,9.412168711423873901e-02,6.715134531259536743e-02,9.390871971845626831e-02,1.203362867236137390e-01,8.234696835279464722e-02,1.246775686740875244e-01,6.156279444694519043e-01,1.038215458393096924e-01,1.064652800559997559e-01
8.039095252752304077e-02,8.177034556865692139e-02,9.316857904195785522e-02,6.845197081565856934e-02,1.092542782425880432e-01,1.081435084342956543e-01,9.339313209056854248e-02,9.206023812294006348e-02,7.366572320461273193e-02,1.013038977980613708e-01
6.063010543584823608e-02,9.312491118907928467e-02,9.380273520946502686e-02,1.006258875131607056e-01,5.524882301688194275e-02,6.873115897178649902e-02,9.322401136159896851e-02,8.432264626026153564e-02,9.635925292968750000e-02,9.361122548580169678e-02
7.982392609119415283e-02,1.129690259695053101e-01,1.298964321613311768e-01,8.012836426496505737e-02,9.215206652879714966e-02,9.910251200199127197e-02,6.401294469833374023e-02,1.214627176523208618e-01,7.405755668878555298e-02,8.153389394283294678e-02
7.789324223995208740e-02,8.254446089267730713e-02,7.529731094837188721e-02,1.150018796324729919e-01,8.535441011190414429e-02,1.036758944392204285e-01,5.484694242477416992e-01,8.094838261604309082e-02,9.573395550251007080e-02,1.289057731628417969e-01
6.083064153790473938e-02,7.480988651514053345e-02,1.550662815570831299e-01,7.685230672359466553e-02,9.453777223825454712e-02,8.471404761075973511e-02,7.614904642105102539e-02,8.191442489624023438e-02,9.036938101053237915e-02,7.959610968828201294e-02
1.310486942529678345e-01,8.273290842771530151e-02,9.651114791631698608e-02,7.501345872879028320e-02,9.343418478965759277e-02,6.086513400077819824e-02,5.564357042312622070e-01,8.039729297161102295e-02,6.216961517930030823e-02,1.005419641733169556e-01
6.807655841112136841e-02,8.065707981586456299e-02,1.178765222430229187e-01,1.988497376441955566e-01,6.377085298299789429e-02,1.376562714576721191e-01,1.006681025028228760e-01,8.603333681821823120e-02,8.318374305963516235e-02,1.008132621645927429e-01
9.197454154491424561e-02,8.135905861854553223e-02,1.027488261461257935e-01,1.065490245819091797e-01,3.300166130065917969e-01,6.274882704019546509e-02,7.568423449993133545e-02,8.203647285699844360e-02,9.510095417499542236e-02,9.303466975688934326e-02
1.004192680120468140e-01,1.157487854361534119e-01,7.621649652719497681e-02,7.497971504926681519e-02,9.174887835979461670e-02,1.055482774972915649e-01,8.132866770029067993e-02,6.192799806594848633e-01,8.273084461688995361e-02,9.023126959800720215e-02
6.588665395975112915e-02,5.632108077406883240e-02,6.652044504880905151e-02,1.192071586847305298e-01,7.936127483844757080e-02,8.188246190547943115e-02,5.403888821601867676e-01,8.971770107746124268e-02,1.280979961156845093e-01,8.468161523342132568e-02
7.564235478639602661e-02,1.276623159646987915e-01,1.073729321360588074e-01,1.032723560929298401e-01,9.952738136053085327e-02,9.717340022325515747e-02,7.836462557315826416e-02,8.897013962268829346e-02,1.095460876822471619e-01,1.284244805574417114e-01
6.513987481594085693e-02,9.272058308124542236e-02,9.545609354972839355e-02,2.165790647268295288e-01,1.047313585877418518e-01,8.655986189842224121e-02,1.094675734639167786e-01,9.681251645088195801e-02,7.492630183696746826e-02,7.307794690132141113e-02
9.180431813001632690e-02,6.425502896308898926e-02,8.351299166679382324e-02,8.391138911247253418e-02,9.218957275152206421e-02,9.596124291419982910e-02,7.562217861413955688e-02,6.199903488159179688e-01,6.648866087198257446e-02,8.703557401895523071e-02
